"Quote number","Item code","Item title","Cost price","Unit price",Quantity,Discount,"Item total","Sales category","Tax rate",Subscription,"Editable quantity",Optional
1791,,"GIB-STOPPING (as per plans)",,"66,225.56",,,"66,225.56",Sales,"15% GST",,,
1791,,"Painting the Interior",,"107,282.80",,,"107,282.80",Sales,"15% GST",,,
1791,,"Ezpanel: 50mm AAC Concrete Panel Cladding",,"74,469.12",,,"74,469.12",Sales,"15% GST",,,
1791,,"Full Mesh System Plaster Concrete Block Wall",,"10,472.00",,,"10,472.00",Sales,"15% GST",,,
1791,,"Staining Timber Ceder",,"2,891.85",,,"2,891.85",Sales,"15% GST",,,
1791,,"Stopping James-Hardie Soffits / Paint System",,"8,472.28",,,"8,472.28",Sales,"15% GST",,,
1813,,"kitchen hole",,305.43,,,305.43,Sales,"15% GST",,,
1813,,"Re-plaster garage ceiling 5x holes",,431.30,,,431.30,Sales,"15% GST",,,
1813,,"replaster and paint ceiling wall  scullery",,768.09,,,768.09,Sales,"15% GST",,,
1813,,"re doing paint molding top level front house",,145.56,,,145.56,Sales,"15% GST",,,
1813,,"Redo Garage Frame",,247.19,,,247.19,Sales,"15% GST",,,
1813,,"slimline doorman master room",,287.20,,,287.20,Sales,"15% GST",,,
1813,,"Hole in wall damage",,417.64,,,417.64,Sales,"15% GST",,,
1813,,"damage in the ceiling after installing pipe (Laundry)",,286.14,,,286.14,Sales,"15% GST",,,
1813,,"install Shadowline",,96.88,,,96.88,Sales,"15% GST",,,
1813,,"Moulding fireplace",,162.16,,,162.16,Sales,"15% GST",,,
1813,,"Replaster gib laundry",,380.55,,,380.55,Sales,"15% GST",,,
1813,,"Excluded Item from QUOTE NUMBER #1152",,"16,821.72",,,"16,821.72",Sales,"15% GST",,,
1814,,"Skimming walls entire house",,"10,347.72",,,"10,347.72",Sales,"No tax",,,
1814,,"Internal Painting",,"21,485.33",,,"21,485.33",Sales,"15% GST",,,
1814,,"Painting - Exterior of the house - Weatherboards - Plaster cladding - Windows - Fascia's & Soffit's",,"16,361.28",,,"16,361.28",Sales,"15% GST",,,
1815,,"Internal Paint",,"10,000.00",,,"10,000.00",Sales,"15% GST",,,
1816,"Price Beam Painting Main area",GIB-STOPPING,,"1,692.36",,,"1,692.36",Sales,"15% GST",,,
1816,,"Painting the Interior",,"28,749.87",,,"28,749.87",Sales,"15% GST",,,
1817,,"interior Plaster & Painting",,0.00,,,0.00,Sales,"15% GST",,,
1818,,"Crack Repair & Paint  (Wall Cladding Top Level only)",,"4,671.55",,,"4,671.55",Sales,"15% GST",,,
1818,,"Mobil Scaffolding hire",,160.00,1,,160.00,Sales,"15% GST",,,
1820,,"Re Plaster areas discuss on site  (Wall Cladding)",,"19,933.50",,,"19,933.50",Sales,"15% GST",,,
1821,,"Provisional cost +- labour plus material. (Gib Stopping)",,"2,192.81",,,"2,192.81",Sales,"No tax",,,
1821,,"Internal Painting included sleepout (price subject to site visit)",,"19,214.87",,,"19,214.87",Sales,"15% GST",,,
1821,,"Painting - Exterior of the house - Weatherboards - Windows - Fascia's & Soffit's",,"18,664.32",,,"18,664.32",Sales,"15% GST",,,
1821,,"Paint Main Roof/sleepout",,"3,837.96",,,"3,837.96",Sales,"15% GST",,,
1822,246,"Re Plaster Full Mesh System (Main House)",,"43,475.06",,,"43,475.06",Sales,"15% GST",,,
1823,"Price Beam Painting Main area","Gib Stopping / Paint (us request) Subject to site visit, discussion (Not Final Price)",,"6,971.30",,,"6,971.30",Sales,"15% GST",,,
1824,"302 m2 * $18m2","Exterior Paint",,0.00,,,0.00,Sales,"No tax",,,
1825,"Price Beam Painting - Main area","Plaster bathroom (us request)",,"1,813.98",,,"1,813.98",Sales,"No tax",,,
1826,,"Paint Main Roof/Carport",,"3,147.40",,,"3,147.40",Sales,"No tax",,,
1828,"302 m2 * $18m2","Exterior Paint",,0.00,,,0.00,Sales,"No tax",,,
1829,"302 m2 * $18m2","Exterior Paint",,0.00,,,0.00,Sales,"No tax",,,
1830,"Price Beam Painting - Main area","Painting All internal Doors & Windows (NIL Frames)",,"3,163.79",,,"3,163.79",Sales,"No tax",,,
1831,,"Ceiling Kitchen, Hallway, Garage, and Wardrove (leak damage)",,"5,799.41",,,"5,799.41",Sales,"15% GST",,,
1832,"Full warranty can only be given on full mesh system","Crack repair & Paint (as requested)",,"2,313.92",,,"2,313.92",Sales,"No tax",,,
1833,,"Plaster & Paint Downstairs",,"16,518.91",,,"16,518.91",Sales,"15% GST",,,
1834,"Price Beam Painting Main area","GIB-STOPPING (New gib Areas)",,"2,554.48",,,"2,554.48",Sales,"15% GST",,,
1834,"Price Beam Painting - Main area","Painting the Interior",,"6,181.32",,,"6,181.32",Sales,"No tax",,,
1836,,"charge up",,0.00,,,0.00,Sales,"15% GST",,,
1837,,"Crack Repair & Paint",,"9,598.27",,,"9,598.27",Sales,"15% GST",,,
1837,,"Internal gib Repair",,913.48,,,913.48,Sales,"15% GST",,,
1838,"m2(30)    Dbl(90)","Removed wallpaper / skimming / Painting",,"2,125.86",,,"2,125.86",Sales,"No tax",,,
1839,,"Full Mesh System Plaster Concrete Block Wall (us discusses)",,"5,657.75",,,"5,657.75",Sales,"No tax",,,
1840,,"Ceiling Crack Repair & Blend Paint",,774.64,,,774.64,Sales,"15% GST",,,
1841,,"Repair gib Wall & Paint affected wall",,"1,164.62",,,"1,164.62",Sales,"15% GST",,,
1842,"Price Beam Painting Main area","Gib Stopping / Paint (us request)",,"1,481.30",,,"1,481.30",Sales,"15% GST",,,
1843,,"Plaster & Paint Plant Box",,"4,376.34",,,"4,376.34",Sales,"15% GST",,,
1843,,"Plaster & Paint foundation",,"1,950.07",,,"1,950.07",Sales,"15% GST",,,
1843,,"install cavity and fill plaster 10mm",,"1,176.89",,,"1,176.89",Sales,"15% GST",,,
1844,,"Crack Repair & Paint  (Wall Cladding two sides as discussed)",,"2,546.40",,,"2,546.40",Sales,"15% GST",,,
1845,,"Kitchen Area, Ceiling, wall, and trim.",,"2,607.68",,15,"2,216.53",Sales,"15% GST",,,
1846,,"Full Mesh System Plaster Concrete Block Wall (us discusses)",,"4,855.83",,,"4,855.83",Sales,"No tax",,,
1847,"Price Beam Painting Main area","Plaster & Paint Lift",,"2,135.75",,,"2,135.75",Sales,"15% GST",,,
1847,"Price Beam Painting - Main area","Painting Sitting Room (request by the owner)",,"1,505.60",,,"1,505.60",Sales,"No tax",,,
1848,,"Wallpaper installation & Painting.",,"9,653.44",,15,"8,205.42",Sales,"15% GST",,,
1849,,"Full Mesh System Plaster fiber cement sheet  Wall",,"1,686.40",,15,"1,433.44",Sales,"No tax",,,
1850,,"Full Mesh System Plaster Concrete Block Wall (fireplace)",,"2,288.66",,,"2,288.66",Sales,"No tax",,,
1851,"173,6m2 / $189","Preparation to be able to plaster over concrete block wall (As Discussed)",,"7,575.02",,,"7,575.02",Sales,"No tax",,,
1852,,"To make good plaster cladding fiber cement sheet",,"1,448.59",,,"1,448.59",Sales,"No tax",,,
1853,,"Discount 10%",,"15,199.44",,10,"13,679.50",Sales,"15% GST",,,Optional
1854,,"Provisional cost +- labour plus material. (Gib Stopping)",,"2,193.08",,,"2,193.08",Sales,"15% GST",,,
1854,,"Interior Paint Entire House",,"18,023.30",,,"18,023.30",Sales,"15% GST",,,
1855,,"Full Mesh System over existing fiber cement sheet Wall",,"2,748.29",,,"2,748.29",Sales,"No tax",,,
1856,,"Internal gib Repair and Paint",,"1,849.30",,,"1,849.30",Sales,"15% GST",,,
1856,,"Paint: Exterior timber windows (us discusses)",,"2,086.53",,,"2,086.53",Sales,"15% GST",,,
1857,,"Patch, Plastering and Painting - Kitchen",,"1,489.57",,,"1,489.57",Sales,"15% GST",,,
1858,,"Plaster / Paint / Gib Cove install.",,"2,257.56",,,"2,257.56",Sales,"15% GST",,,
1859,,"Rockcote Plaster & paint system to the new EasyLap Fibre Cement cladding",,"4,986.50",,,"4,986.50",Sales,"15% GST",,,
1860,"348.05m2 X $270 =","To Supply / Fixed / Plaster / Paint - 50mm Integra Panel System - Masonry Render",,"58,624.70",,,"58,624.70",Sales,"No tax",,,
1860,,"Masonry Render System",,"23,211.83",,,"23,211.83",Sales,"15% GST",,,
1861,"348.05m2 X $270 =","To Supply / Fixed / Plaster / Paint - 50mm Integra Panel System - Masonry Render",,"77,521.45",,,"77,521.45",Sales,"No tax",,,
1861,,"Masonry Render System",,"16,121.60",,,"16,121.60",Sales,"15% GST",,,
1863,,"Interior Paint Entire House",,"21,111.32",,,"21,111.32",Sales,"15% GST",,,
1864,,"Plaster removed and re install Polystyrene (us discussed) Balcony area.",,"5,978.97",,,"5,978.97",Sales,"15% GST",,,
1865,,"To make good the damaged-on plaster cladding, crack repair",,"4,669.47",,,"4,669.47",Sales,"15% GST",,,
1866,,"Plaster Repair Windows (us discusses)",,"2,711.03",,,"2,711.03",Sales,"15% GST",,,
1867,,"Painting the Interior of the house.",,"10,225.88",,,"10,225.88",Sales,"15% GST",,,
1868,"Price Beam Painting Main area","GIB-STOPPING - (Lounge - Hallway - Bathroom)",,"2,926.52",,,"2,926.52",Sales,"15% GST",,,
1868,"Price Beam Painting - Main area","Painting the Interior - (Lounge - Hallway - Bathroom)",,"4,817.40",,,"4,817.40",Sales,"No tax",,,
1869,,"Professional House Wash.",,650.00,,,650.00,Sales,"15% GST",,,
1869,,"Exterior Painting- Wall Cladding / Soffit / Facia",,"8,489.08",,,"8,489.08",Sales,"15% GST",,,
1870,"Price Beam Painting Main area","GIB-STOPPING - Top Level",,"8,274.42",,5,"7,860.70",Sales,"15% GST",,,
1870,"Price Beam Painting - Main area","Painting the Interior - Top Level",,"12,921.79",,5,"12,275.70",Sales,"No tax",,,
1871,,"Rockcote Plaster & Paint System to the new EasyLap Fibre Cement cladding",,"9,909.22",,,"9,909.22",Sales,"15% GST",,,
1872,,"Paint: Exterior Cladding Weatherboard",,"14,371.56",,,"14,371.56",Sales,"15% GST",,,
1872,,Scaffolding,,"5,390.00",,,"5,390.00",Sales,"15% GST",,,
1873,"m2(30)    Dbl(90)","skimming Room (as discusses)",,"4,909.32",,,"4,909.32",Sales,"No tax",,,
1874,,"Full Mesh System Plaster New Concrete Block Wall                     
(us discusses)",,"9,500.00",,,"9,500.00",Sales,"No tax",,,
1874,,"Paint System",,"2,500.00",,,"2,500.00",Sales,"15% GST",,,
1875,,"GIB-STOPPING (as per plans)
* BLOCK A (Unite 1-5)
* BLOCK B (Unite 6-10)
* BLOCK B (Unite 11-15)",,"80,746.40",,,"80,746.40",Sales,"15% GST",,,
1875,,"Painting the Interior
* BLOCK A (Unite 1-5)
* BLOCK B (Unite 6-10)
* BLOCK B (Unite 11-15)",,"133,232.96",,,"133,232.96",Sales,"15% GST",,,
1875,,"Exterior Paint 
* BLOCK A (Unite 1-5)
* BLOCK B (Unite 6-10)
* BLOCK B (Unite 11-15)",,"36,723.59",,,"36,723.59",Sales,"15% GST",,,
1876,,"Exterior Painting railing and timber fence (as discusses)",,"4,324.80",,,"4,324.80",Sales,"15% GST",,,
1877,,"Rockcote Plaster & paint system to the new EasyLap Fibre Cement cladding (Extra plaster request by David)",,"1,799.70",,,"1,799.70",Sales,"15% GST",,,
1878,,"Provisional cost +- labour plus material. (Gib Stopping)",,"2,192.81",,,"2,192.81",Sales,"No tax",,,
1878,,"Internal Painting included sleepout (price subject to site visit)",,"19,214.87",,,"19,214.87",Sales,"15% GST",,,
1878,,"Painting - Exterior of the house - Weatherboards - Windows - Fascia's & Soffit's",,"18,664.32",,,"18,664.32",Sales,"15% GST",,,
1878,,"Paint Main Roof/sleepout",,"3,837.96",,,"3,837.96",Sales,"15% GST",,,
1879,,"GIB-STOPPING (as per plans) (Unite 1-7)",,"37,618.14",,,"37,618.14",Sales,"15% GST",,,
1879,,"Painting the Interior (Unite 1-7)",,"45,338.92",,,"45,338.92",Sales,"15% GST",,,
1879,,"Exterior Paint (Unite 1-7)",,"19,799.65",,,"19,799.65",Sales,"15% GST",,,
1880,"Price Beam Painting - Main area","Painting the Interior of the house (as discussed)",,"15,539.00",,,"15,539.00",Sales,"No tax",,,
1880,,Exterior,,"11,899.39",,,"11,899.39",Sales,"15% GST",,,
1881,"Price Beam Painting Main area","Gib Stopping / Paint (us request)",,"1,449.98",,,"1,449.98",Sales,"15% GST",,,
1882,"Price Beam Painting Main area","Gib Stopping / Paint (Hole Ceiling Kitchen) after fixed leaking.",,"1,224.32",,,"1,224.32",Sales,"15% GST",,,
1883,"Price Beam Painting Main area","Gib Stopping & Paint Ensuite",,"2,132.75",,,"2,132.75",Sales,"15% GST",,,
1884,"Price Beam Painting Main area","Gib Fixed / Gib Stopping / Ceiling Paint",,"1,817.19",,,"1,817.19",Sales,"15% GST",,,Optional
1885,,"interior Plaster & Painting",,0.00,,,0.00,Sales,"15% GST",,,
1886,,"Removed cladding & Reinstall cladding.",,"5,692.20",,,"5,692.20",Sales,"No tax",,,
1887,,"Paint: Exterior / Interior timber window",,"2,475.72",,,"2,475.72",Sales,"15% GST",,,
1887,,"Pint wall",,250.00,,,250.00,Sales,"15% GST",,,
1888,,"Paint: Exterior Cladding Weatherboard - Fascia Board",,"4,268.75",,,"4,268.75",Sales,"15% GST",,,
1889,,"Plaster Cladding Wall (us discusses)",,"4,583.59",,,"4,583.59",Sales,"15% GST",,,
1890,"Price Beam Painting Main area","GIB-STOPPING / SKIM - (entry / room) as request",,"1,852.20",,,"1,852.20",Sales,"15% GST",,,
1890,"Price Beam Painting - Main area","Painting the Interior - (entry / room) as request",,"2,779.40",,,"2,779.40",Sales,"No tax",,,
1891,,"install Polystyrene around window and door (us discussed).",,"2,712.65",,,"2,712.65",Sales,"15% GST",,,
1893,,"GIB-STOPPING (new renovation)",,"8,573.21",,,"8,573.21",Sales,"15% GST",,,
1893,,"Painting the Interior (new renovation)",,"12,428.33",,,"12,428.33",Sales,"15% GST",,,
1893,,"Exterior Plaster System 300 / Paint",,"10,768.78",,,"10,768.78",Sales,"15% GST",,,
1895,"Price Beam Painting Main area","Gib Stopping / Paint (us request) Subject to site visit, discussion (Not Final Price)",,"5,240.80",,,"5,240.80",Sales,"15% GST",,,
1896,,"Paint Plaster Cladding Only (top-level house, balcony area, right side of the house)",,"3,887.34",,,"3,887.34",Sales,"15% GST",,,
1897,"Price Beam Painting - Main area","Painting the existing exterior plaster cladding wall (as request) 2xcoat",,"2,531.88",,,"2,531.88",Sales,"No tax",,,Optional
1898,,"Plaster Repair (as request)",,"2,313.24",,,"2,313.24",Sales,"15% GST",,,
1898,,"Painting Interior (as request)",,"5,133.28",,,"5,133.28",Sales,"15% GST",,,
1898,,"Exterior Paint",,"3,420.04",,,"3,420.04",Sales,"15% GST",,,
1899,"Price Beam Painting Main area","Internal Plaster 1x Room (us request)",,"3,815.63",,,"3,815.63",Sales,"15% GST",,,
1900,,"Plastering and Painting - Kitchen",,"1,849.57",,,"1,849.57",Sales,"15% GST",,,
1901,,"Painting - Exterior of the house - Weatherboards - Windows - Fascia's & Soffit's",,"12,517.49",,,"12,517.49",Sales,"15% GST",,,
1902,,"Plaster Repair (as request)",,"1,027.40",,,"1,027.40",Sales,"15% GST",,,
1902,,"Painting Interior (as request)",,"1,998.36",,,"1,998.36",Sales,"15% GST",,,
1903,"Price Beam Painting Main area","Gib Stopping (us request) Subject to site visit, discussion",,"3,048.66",,,"3,048.66",Sales,"15% GST",,,
1904,,"Provisional cost +- labour plus material. (Gib Stopping)",,655.00,,,655.00,Sales,"15% GST",,,
1904,,"Paint Bathroom (Renovation)",,"1,703.28",,,"1,703.28",Sales,"15% GST",,,
1905,,"Ceiling Kitchen, TV room, Lounge & Hallway (1x crack in the wall above the door us discuses)",,"3,682.33",,,"3,682.33",Sales,"15% GST",,,
1906,,"Ceiling (us request)",,"1,517.86",,,"1,517.86",Sales,"15% GST",,,
1907,,"Plaster around Hatch Door / Paint whole top hallway Ceiling and Hatch Door",,"2,994.39",,,"2,994.39",Sales,"15% GST",,,
1908,"Price Beam Painting Main area",GIB-STOPPING,,"7,689.83",,,"7,689.83",Sales,"15% GST",,,
1908,"Price Beam Painting - Main area","Painting the Interior of the house 2x Skylights",,"14,808.51",,,"14,808.51",Sales,"No tax",,,
1908,Price,"Paint Exterior Wall Cladding and Fascia (New Work only) existing to be discussed.",,"6,678.23",,,"6,678.23",Sales,"15% GST",,,
1909,,"Exterior Paint",,"10,637.76",,,"10,637.76",Sales,"No tax",,,
1910,,"Brick Wall Cladding",,"4,321.28",,,"4,321.28",Sales,"No tax",,,
1911,,"Full Mesh System Plaster Concrete Block Wall",,"1,923.66",,15,"1,635.11",Sales,"No tax",,,
1912,,"Exterior paint (as per scope)",,"4,210.91",,10,"3,789.82",Sales,"No tax",,,
1913,,"Front Fence (railing, post and copping)",,"5,951.33",,,"5,951.33",Sales,"15% GST",,,
1914,"Price Beam Painting Main area","GIB-STOPPING / L5 Ceiling - (Media Room) as request by owner",,"7,735.78",,20,"6,188.62",Sales,"15% GST",,,
1915,,"Full Mesh System Plaster Over Concrete Block Wall",,"11,673.46",,,"11,673.46",Sales,"No tax",,,
1916,"348.05m2 X $270 =","To Supply / Fixed / Plaster / Paint PETRAPANEL AAC System 50mm",,"55,765.50",,,"55,765.50",Sales,"No tax",,,
1917,"Price Beam Painting Main area","GIB-STOPPING / L5 Ceiling - (Media Room) as request by owner",,"7,735.78",,25,"5,801.84",Sales,"15% GST",,,
1918,"51.89 m2 * $70m2","Stopping James-Hardie Soffits",,"3,715.43",,,"3,715.43",Sales,"No tax",,,
1920,"Price Beam Painting Main area","Internal Plaster 1x Room (us request) - 5x crack repair",,"2,023.62",,,"2,023.62",Sales,"15% GST",,,
1921,,"Paint Steps",,827.53,,,827.53,Sales,"15% GST",,,
1921,,"Paint the fireplace (over the tiler)",,697.55,,,697.55,Sales,"15% GST",,,
1921,,"Repaint the sink tub",,392.85,,,392.85,Sales,"15% GST",,,
1922,"51.89 m2 * $70m2","Exterior Plaster",,"6,492.63",,,"6,492.63",Sales,"No tax",,,
1923,,"Fixed Gib after Leak Plaster & Paint (Bedroom)",,"1,519.95",,,"1,519.95",Sales,"15% GST",,,
1923,,"Exterior Crack Repair Plaster",,"2,051.45",,,"2,051.45",Sales,"15% GST",,,
1924,"348.05m2 X $270 =","To Supply / Fixed / Plaster / Paint PETRAPANEL AAC System 50mm",,"36,862.10",,,"36,862.10",Sales,"No tax",,,
1925,,"Provisional cost +- labour plus material. (Gib Stopping)",,"2,192.81",,,"2,192.81",Sales,"No tax",,,
1925,,"Painting - Walls/Ceiling",,"10,903.50",,,"10,903.50",Sales,"15% GST",,,Optional
1925,,"Paint Windows",,"1,760.00",,,"1,760.00",Sales,"15% GST",,,Optional
1925,,"Paint Doors",,"2,280.00",,,"2,280.00",Sales,"15% GST",,,Optional
1927,,"Network Scaffolding Services",,"6,930.00",,,"6,930.00",Sales,"15% GST",,,
1928,"Price Beam Painting Main area","GIB-STOPPING / 2x Rooms",,"3,077.73",,,"3,077.73",Sales,"15% GST",,,
1928,"Price Beam Painting - Main area","Painting the Interior / 2x Rooms as request",,"4,523.54",,,"4,523.54",Sales,"No tax",,,
1928,,"Hang Wallpaper (as request)",,517.00,,,517.00,Sales,"15% GST",,,
1929,,"Exterior plaster Crack Repair",,"2,711.95",,,"2,711.95",Sales,"15% GST",,,
1930,,"To make good plaster cladding",,"3,110.23",,,"3,110.23",Sales,"No tax",,,
1931,,"Paint: Exterior / Interior timber window",,"2,143.82",,,"2,143.82",Sales,"15% GST",,,
1934,,"Rockcote System over existing plaster wall",,"11,500.00",,,"11,500.00",Sales,"15% GST",,,
1935,,"Plaster Concrete Block Wall / Paint",,811.69,,,811.69,Sales,"No tax",,,
1936,,"Plastering and Painting - Laundry",,"2,273.90",,,"2,273.90",Sales,"15% GST",,,
1938,,"Paint Steps",,227.50,,,227.50,Sales,"15% GST",,,
1939,"348.05m2 X $270 =","Masonry Render System Over Concrete Block - 
Cerano Finish",,"21,157.82",,,"21,157.82",Sales,"No tax",,,
1939,,"Cerano Finish over Plasterboard (Gib board, and Villaboard) - Internal",,"18,030.73",,,"18,030.73",Sales,"15% GST",,,
1940,"51.89 m2 * $70m2","Stopping James-Hardie Soffits (Front Garage)",,"1,864.61",,,"1,864.61",Sales,"No tax",,,
1941,,"Wallpaper Removal",,"2,700.00",,,"2,700.00",Sales,"15% GST",,,
1941,,"Full skimming and gib-stopping",,"8,750.91",,,"8,750.91",Sales,"No tax",,,
1941,,"Paint Internal House",,"13,691.05",,,"13,691.05",Sales,"15% GST",,,
1942,,"Painting - Exterior of the house - Weatherboards - Windows - Fascia's & Soffit's",,"16,751.52",,,"16,751.52",Sales,"15% GST",,,
1942,,"Garage Doors x2",,"1,047.87",,,"1,047.87",Sales,"15% GST",,,
1942,,"Paint Wooden Railings and Timber Fence",,"1,457.42",,,"1,457.42",Sales,"15% GST",,,
1942,,"Re Stain Deck and Steps",,"1,198.30",,,"1,198.30",Sales,"15% GST",,,
1942,,"Network Scaffolding Services",,"3,168.00",,,"3,168.00",Sales,"15% GST",,,
1943,,"Masonry Render System Over Existing plaster cladding -
Precast Specialized smooth finish",,"9,574.20",,,"9,574.20",Sales,"15% GST",,,Optional
1945,,"ROCKCOTE feature wall, interior Otsumigaki Finish",,"5,300.50",,,"5,300.50",Sales,"No tax",,,
1946,,"Dulux Paints - Design Concrete Effect
*This also includes a coat of:
Design Concrete Effect Clear Coat Sealer",,"4,017.98",,,"4,017.98",Sales,"No tax",,,
1947,,"Paint: Exterior / Interior timber window (Strip paint / sanding and paint)",,"12,797.90",,10,"11,518.11",Sales,"15% GST",,,
1948,,"Plaster around Hatch Door / 3x Wardrove",,997.37,,,997.37,Sales,"15% GST",,,
1949,,"Plastering and Painting - Kitchen",,"1,310.91",,,"1,310.91",Sales,"15% GST",,,
1950,,"Paint - Kitchen Pantry Room (us discussed)",,646.20,,,646.20,Sales,"15% GST",,,
1951,,"Painting - Dinner and Loundge Room (as discussed)",,"1,854.72",,,"1,854.72",Sales,"15% GST",,,
1952,"Price Beam Painting Main area","GIB-STOPPING (us discusses) construction.",,"7,315.43",,,"7,315.43",Sales,"15% GST",,,
1952,"Price Beam Painting - Main area","Painting Interior",,"19,115.62",,,"19,115.62",Sales,"No tax",,,
1953,,"Wallpaper Removal",,"1,395.00",,,"1,395.00",Sales,"15% GST",,,
1953,,"Full skimming and gib-stopping",,"6,447.69",,,"6,447.69",Sales,"No tax",,,
1953,,"Paint Internal House",,"7,933.43",,,"7,933.43",Sales,"15% GST",,,
1954,"Price Beam Painting Main area","GIB-STOPPING (us discusses) construction.",,"5,390.82",,,"5,390.82",Sales,"15% GST",,,
1955,,"Plastering and Painting - Kitchen",,"1,370.38",,,"1,370.38",Sales,"15% GST",,,
1956,246,"Re Plaster Full Mesh System FIBRE CEMENT REPAIR",,"49,848.99",,,"49,848.99",Sales,"15% GST",,,
1957,,"Full Mesh System Plaster Concrete Block Wall",,"5,615.51",,,"5,615.51",Sales,"No tax",,,Optional
1958,"51.89 m2 * $70m2","Exterior Plaster",,"4,027.23",,,"4,027.23",Sales,"No tax",,,
1959,,"Plastering and Painting - 2x Ceiling",,"1,142.19",,,"1,142.19",Sales,"15% GST",,,
1960,,"Provisional cost +- labour plus material. (Gib Stopping - Crack Repair)",,"1,482.94",,,"1,482.94",Sales,"No tax",,,
1960,,"Paint Internal House",,"11,654.66",,,"11,654.66",Sales,"15% GST",,,
1961,,"Painting Bathroom Ceiling",,"1,553.93",,,"1,553.93",Sales,"15% GST",,,
1962,"Price Beam Painting - Main area","Painting 2x Interior Room 2 coats",,"2,670.90",,,"2,670.90",Sales,"No tax",,,
1963,"Price Beam Painting - Main area","Painting the Interior of the house (as discussed)",,"34,524.47",,,"34,524.47",Sales,"No tax",,,
1963,,"Painting - Exterior of the house - Weatherboards - Windows - Fascia's & Soffit's Plaster Cladding",,"17,549.42",,,"17,549.42",Sales,"15% GST",,,
1963,,"ROCKCOTE feature wall, interior Lime Finish",,"7,741.50",,,"7,741.50",Sales,"15% GST",,,
1964,"Price Beam Painting Main area","GIB-STOPPING (us discusses) construction.",,"6,028.16",,,"6,028.16",Sales,"15% GST",,,
1964,"Price Beam Painting - Main area","Painting Interior",,"8,314.39",,,"8,314.39",Sales,"No tax",,,
1965,,"Roof Wash",,520.00,,,520.00,Sales,"15% GST",,,
1965,,"Paint Roof",,"4,191.75",,,"4,191.75",Sales,"No tax",,,
1965,,"Replaced Roof Screws",,"1,881.62",,,"1,881.62",Sales,"15% GST",,,Optional
1966,,"Paint: Exterior / Interior timber window",,"6,054.48",,,"6,054.48",Sales,"15% GST",,,
1967,,"Plastering and Painting - Kitchen wall",,964.92,,,964.92,Sales,"15% GST",,,
1968,"Price Beam Painting Main area",GIB-STOPPING,,"18,524.48",,,"18,524.48",Sales,"15% GST",,,
1968,"Price Beam Painting - Main area","Painting the Interior of the house",,"28,007.46",,,"28,007.46",Sales,"No tax",,,
1968,,"Exterior Weatherboard / Soffit / Facia",,"18,113.20",,,"18,113.20",Sales,"15% GST",,,
1968,,"Exterior Pool House",,"5,863.80",,,"5,863.80",Sales,"15% GST",,,
1969,,"Exterior plaster Crack Repair",,"2,415.90",,,"2,415.90",Sales,"15% GST",,,
1970,,COMMANDERLIMITED,,"20,907.50",,,"20,907.50",Sales,"15% GST",,,
1971,,"Paint: Exterior Cladding Weatherboard",,"14,103.73",,,"14,103.73",Sales,"15% GST",,,
1971,,"Network Scaffolding Services",,"4,158.00",,,"4,158.00",Sales,"15% GST",,,
1972,,"Rockcote System Sealer coat new Plaster Wall",,"1,889.22",,,"1,889.22",Sales,"15% GST",,,
1973,,"Plastering and Painting - Garage Wall",,"1,019.36",,,"1,019.36",Sales,"15% GST",,,
1974,,"Gib-Fix Walls / Ceilings (Labour Only)",,"1,431.20",,,"1,431.20",Sales,"15% GST",,,
1974,"Price Beam Painting Main area",GIB-STOPPING,,"3,103.24",,,"3,103.24",Sales,"15% GST",,,
1975,,"Paint: Exterior Cladding Weatherboard",,"11,589.19",,,"11,589.19",Sales,"15% GST",,,
1975,,"Re Plaster Full Mesh System FIBRE CEMENT REPAIR",,"17,160.69",,,"17,160.69",Sales,"15% GST",,,Optional
1975,,Scaffolding,,"5,390.00",,,"5,390.00",Sales,"15% GST",,,Optional
1976,,"Provisional cost +- labour plus material. (Gib Stopping)",,"5,744.46",,,"5,744.46",Sales,"No tax",,,
1976,,"Paint Internal House",,"39,886.14",,,"39,886.14",Sales,"15% GST",,,
1976,,"Paint Exterior facing windows Windows only",,"6,093.00",,,"6,093.00",Sales,"15% GST",,,
1976,,"Tiler Roof Paint",,"11,200.00",,,"11,200.00",Sales,"15% GST",,,
1977,"Price Beam Painting - Main area","Painting the Interior of the house (as discussed)",,"33,420.55",,,"33,420.55",Sales,"No tax",,,
1977,,"Painting - Exterior of the house - Vertical James Hardie Stria",,"9,384.25",,,"9,384.25",Sales,"15% GST",,,
1978,,"Paint Exterior New Plaster Wall front house",,"3,697.07",,,"3,697.07",Sales,"15% GST",,,
1979,,"Full skimming and gib-stopping",,"2,636.92",,,"2,636.92",Sales,"No tax",,,
1980,,"Ezpanel: 50mm AAC Concrete Panel Cladding",,"13,281.71",,,"13,281.71",Sales,"15% GST",,,
1981,,"Plaster 3x holes ceiling / Paint whole Ceiling and wall after removed timber from wall",,"1,957.15",,,"1,957.15",Sales,"15% GST",,,
1982,,"Paint Roof",,"3,903.07",,,"3,903.07",Sales,"No tax",,,
1983,,"Full skimming and gib-stopping",,"3,179.20",,,"3,179.20",Sales,"No tax",,,
1983,,"Paint Internal House",,"22,199.29",,,"22,199.29",Sales,"15% GST",,,
1983,,"Painting - Exterior of the house - Weatherboards - Windows - Fascia's & Soffit's",,"16,941.70",,,"16,941.70",Sales,"15% GST",,,
1984,246,"install control joint (as discusses)",,"2,376.16",,,"2,376.16",Sales,"15% GST",,,Optional
1985,,"gib-stopping provional +- 2-day work plus material",,"1,602.72",,,"1,602.72",Sales,"No tax",,,
1985,,"Paint Internal (areas discusses with Diana)",,"3,066.58",,,"3,066.58",Sales,"15% GST",,,
1986,,"Full skimming and gib-stopping",,"3,651.70",,,"3,651.70",Sales,"No tax",,,
1987,"348.05m2 X $270 =","To Supply / Fixed / Plaster / Paint Integra Panel AAC System 50mm",,"141,041.10",,,"141,041.10",Sales,"No tax",,,
1987,,"Masonry Concrete Block Wall",,"30,140.80",,,"30,140.80",Sales,"15% GST",,,
1988,"348.05m2 X $270 =","To Supply / Fixed / Plaster / Paint Integra Panel AAC System 50mm. ROCKCOTE Cerano finish",,"48,472.48",,,"48,472.48",Sales,"No tax",,,
1988,,"To Supply / Fixed / Plaster / Paint GRAPHEX Insulated Facade System Curve walls ROCKCOTE Cerano finish",,"4,692.60",,,"4,692.60",Sales,"15% GST",,,
1989,,"Replaced Gib after removed Fireplace Pipe Plaster & Blend Paint",,650.00,,,650.00,Sales,"15% GST",,,
1989,,"Full Mesh System over existing fiber cement sheet Wall (as discusses)",,"3,152.28",,,"3,152.28",Sales,"15% GST",,,
1990,246,"Re Plaster Full Mesh System fiber cement sheet repair (NORTH & EAST SIDE)",,"9,508.48",,,"9,508.48",Sales,"15% GST",,,
1990,246,"Crack Repair & Paint (South / West Side) & Paint Soffit",,"5,711.68",,,"5,711.68",Sales,"15% GST",,,
1990,,"Network Scaffolding Services",,"3,960.00",,,"3,960.00",Sales,"15% GST",,,
1991,,"Paint Internal (areas discusses)",,"2,440.89",,,"2,440.89",Sales,"15% GST",,,
1992,,"Full skimming wall crack fixed in ceiling",,"1,344.00",,,"1,344.00",Sales,"No tax",,,
1993,,"Exterior Painting / Cladding Weatherboard Included Windows / Doors / Facia / Soffit / Eaves Brackets",,"15,656.70",,,"15,656.70",Sales,"15% GST",,,
1994,,"Room Ceiling Paint",,"1,100.33",,,"1,100.33",Sales,"15% GST",,,
1995,,"Crack Repair (us discusses) & Full Paint",,"8,848.82",,,"8,848.82",Sales,"15% GST",,,
1996,,"Crack Repair (us discusses) & Full Paint Plaster Cladding and Weatherboard",,"14,444.48",,,"14,444.48",Sales,"15% GST",,,
1997,"51.89 m2 * $70m2","Stopping James-Hardie (stopping screw)",,"2,084.53",,,"2,084.53",Sales,"No tax",,,
1998,,"Plastering and Painting - Kitchen (as discusses)",,"1,175.21",,15,998.93,Sales,"15% GST",,,
1999,,"Gib Stopping & Paint Ceiling (as request) - Replaced broken gib garage",,"2,959.67",,,"2,959.67",Sales,"15% GST",,,
2000,,"Paint: Exterior Cladding Weatherboard (repaint)",,"1,724.01",,20,"1,379.21",Sales,"15% GST",,,
2001,,"Plaster repair full mesh system",,"2,411.76",,,"2,411.76",Sales,"15% GST",,,
2002,,"Patching, Plastering, Painting - Kitchen Area",,"1,386.27",,,"1,386.27",Sales,"15% GST",,,
2003,,"Gib Stopping (as discusses)",,982.31,,,982.31,Sales,"No tax",,,
2004,,"Gib Stopping / Paint new wall / door",,"2,079.28",,,"2,079.28",Sales,"No tax",,,Optional
2004,,"Crack Repair Ceiling Paint (living area)",,"1,263.62",,,"1,263.62",Sales,"15% GST",,,Optional
2004,,"Crack Repair Ceiling Paint (Hallway)",,978.33,,,978.33,Sales,"15% GST",,,Optional
2005,"Price Beam Painting Main area",GIB-STOPPING,,"15,530.00",,,"15,530.00",Sales,"15% GST",,,
2005,"Price Beam Painting - Main area","Painting the Interior of the house 2x Skylights",,"31,113.31",,,"31,113.31",Sales,"No tax",,,
2005,Price,"Paint Exterior Paint",,"12,012.03",,,"12,012.03",Sales,"15% GST",,,
2006,,"Exterior Painting / Paving (us discusses)",,"3,986.63",,,"3,986.63",Sales,"15% GST",,,
2006,,"Existing Exterior Plaster Block Wall",,"6,630.92",,,"6,630.92",Sales,"15% GST",,,
2007,,"Plaster repair full mesh system",,"2,736.47",,,"2,736.47",Sales,"15% GST",,,
2008,,"Room Ceiling",,926.74,,,926.74,Sales,"No tax",,,
2009,,"Masonry Concrete Perimeter Block Wall",,0.00,,,0.00,Sales,"15% GST",,,
2010,,"Paint Steps",,258.31,,,258.31,Sales,"15% GST",,,
2011,,"Skim Level 5 (as requested by Dan) Living Room Ceiling",,"2,857.35",,,"2,857.35",Sales,"15% GST",,,
2012,,"Exterior Plaster Cladding",,"10,964.33",,,"10,964.33",Sales,"15% GST",,,
2012,,"Paint Roof",,"5,521.37",,,"5,521.37",Sales,"No tax",,,
2012,,"Network Scaffolding Services",,"6,138.00",,,"6,138.00",Sales,"15% GST",,,
2013,,"Rockcote Plaster & paint system to the new EasyLap Fibre Cement cladding",,"9,980.57",,,"9,980.57",Sales,"15% GST",,,
2014,,"Internal Paint Walls / Ceiling",,"8,594.40",,20,"6,875.52",Sales,"15% GST",,,
2015,,"Replaced Damage Gib-Plaster & Blend Paint",,"1,982.10",,,"1,982.10",Sales,"15% GST",,,
2016,,"Fixed hole wall damage and paint wall",,669.59,,,669.59,Sales,"No tax",,,
2017,,"Internal Paint Walls / Ceiling",,"4,375.00",,,"4,375.00",Sales,"15% GST",,,
2018,,"Provisional cost +- labour plus material. (Gib Stopping)",,"4,025.29",,,"4,025.29",Sales,"No tax",,,
2018,,"Paint Internal House",,"31,666.90",,,"31,666.90",Sales,"15% GST",,,
2018,,"Crack Repair & Paint Exterior Plaster cladding / Windows / Soffit and louvers Stain",,"26,310.48",,,"26,310.48",Sales,"15% GST",,,
2019,,"Bagg Finish Brick Wall Cladding / paint soffit",,"12,500.27",,5,"11,875.26",Sales,"No tax",,,
2020,"Price Beam Painting Main area","GIB-STOPPING (us discusses) construction.",,"4,883.02",,,"4,883.02",Sales,"15% GST",,,
2021,,"Exterior Weatherboard / Door / Windows louvers",,"8,287.53",,5,"7,873.15",Sales,"15% GST",,,
2021,,"Network Scaffolding Services",,"6,237.00",,,"6,237.00",Sales,"15% GST",,,
2022,,"Exterior Painting",,"15,211.74",,5,"14,451.15",Sales,"15% GST",,,
2022,,"Network Scaffolding Services",,"2,880.00",,,"2,880.00",Sales,"15% GST",,,
2023,,"Patching, Plastering, Painting - Kitchen, hallway, entryway, stairway, and living room.",,"4,936.77",,5,"4,689.93",Sales,"15% GST",,,Optional
2024,,"Plaster & Paint Affected area per construction",,"7,323.84",,,"7,323.84",Sales,"15% GST",,,
2024,,"Plaster Repair Back House",,"1,581.45",,,"1,581.45",Sales,"15% GST",,,
2025,,"Prep & Paint Concrete Floor Garage",,"3,414.00",,,"3,414.00",Sales,"15% GST",,,
2026,,"Patching, Plastering, Painting - Kitchen Area",,"1,281.27",,,"1,281.27",Sales,"15% GST",,,
2027,,"Paint Pool House Door / Frame",,"1,956.76",,,"1,956.76",Sales,"15% GST",,,
2027,,"Prep & Paint Concrete Floor Garage",,"1,521.76",,,"1,521.76",Sales,"15% GST",,,
2027,,"Paint Stainless Steel Flashing",,"2,391.57",,,"2,391.57",Sales,"15% GST",,,
2028,,"Patching, Plastering, Primer - 4x holes done electrician",,735.23,,,735.23,Sales,"15% GST",,,
2029,,"Prep & Paint Concrete Floor Garage",,"5,376.16",,,"5,376.16",Sales,"15% GST",,,
2030,,"Front Fence (railing, post, and copping) Re-painting (Paint Done by others)",,"2,598.51",,,"2,598.51",Sales,"15% GST",,,
2031,,"Paint Exterior Dormers and Chicken box top roof",,"3,304.95",,,"3,304.95",Sales,"15% GST",,,
2032,,"Lead flashing",,"2,701.35",,,"2,701.35",Sales,"15% GST",,,
2034,,"Plaster Repair",,812.68,,,812.68,Sales,"No tax",,,
2035,,"Full skimming / gib-stopping - Primer Coat Bathroom (us request)",,"1,112.40",,,"1,112.40",Sales,"No tax",,,
2036,,"Paint Wooden Railings - Paint Shiplap Timber Cladding",,"3,841.34",,,"3,841.34",Sales,"15% GST",,,
2037,"Price Beam Painting Main area","GIB-STOPPING (us discusses) construction. Included Room Ceiling (by requested)",,"5,272.96",,,"5,272.96",Sales,"15% GST",,,
2038,,"Prep & Paint Concrete Floor Garage Epoxy Flake Flooring System",,"6,634.28",,,"6,634.28",Sales,"15% GST",,,
2039,,"Patching, Plastering, Painting - Kitchen Area",,0.00,,,0.00,Sales,"15% GST",,,
2040,,"Exterior Plaster chimney (us discusses)",,"2,700.00",,,"2,700.00",Sales,"15% GST",,,
2040,,"Deduction Scaffolding",,"-1,000.00",,,"-1,000.00",Sales,"15% GST",,,
2041,,"Paint Exterior Fascia Board Dormers area only and Chicken box top roof",,"1,831.57",,,"1,831.57",Sales,"15% GST",,,
2042,,"Paint: Exterior Timber window/soffit and fascia board",,"6,496.65",,,"6,496.65",Sales,"15% GST",,,
2043,,"Gib Stopping & Paint Ceiling (as request) damage ceiling by Bathroom leak",,"1,813.46",,,"1,813.46",Sales,"15% GST",,,
2044,,"Patching, Plastering, Painting - Kitchen Area",,"2,633.58",,,"2,633.58",Sales,"15% GST",,,
2045,,"Patching, Plastering, Painting - Kitchen Area (wall only)",,"1,448.18",,,"1,448.18",Sales,"15% GST",,,
2046,"51.89 m2 * $70m2","Stopping James-Hardie Soffits",,"3,644.46",,,"3,644.46",Sales,"No tax",,,
2048,,"Exterior Weatherboard / Soffit / Facia",,"24,920.48",,10,"22,428.43",Sales,"15% GST",,,Optional
2049,,"Masonry Concrete Perimeter Concrete Wall",,"9,347.68",,,"9,347.68",Sales,"15% GST",,,
2050,,"strip paint price till today",,"1,733.39",,,"1,733.39",Sales,"15% GST",,,
2050,,"Paint exterior sill windows and entree door",,"1,490.59",,,"1,490.59",Sales,"15% GST",,,
2051,,"Full Mesh System on Plaster Concrete Block Wall with Paint Finish (Specialized System)",,"14,465.25",,,"14,465.25",Sales,"No tax",,,
2052,"Price Beam Painting Main area","Internal Plaster Entree and Hallway",,"5,311.42",,,"5,311.42",Sales,"15% GST",,,
2053,,"Masonry Concrete Wall (as per specification and request)",,"4,541.42",,,"4,541.42",Sales,"15% GST",,,
2053,,"Masonry Concrete Wall (Neighbour side wall)",,"3,134.50",,,"3,134.50",Sales,"15% GST",,,
2053,,"Paint Concrete Block Wall (as per request and spec)",,"2,576.63",,,"2,576.63",Sales,"15% GST",,,
