"Quote number","Quote title","From name","For name","First name","Last name",Email,"Total value",Currency,"Amounts entered","Overall discount","Quote status","Last status change","Sent when","Expiry date"
1968,"Estimate For: Gib Stopping - Interior / Exterior Painting - 15 ELLERTON ROAD MOUNT EDEN 1024 AUCKLAND","Rolando Reveco","WOLF CONSTRUCTION LIMITED",James,Thomas,james@wolfconstruction.co.nz,"70,508.94",NZD,"Tax Exclusive",,Accepted,"2024-10-31 18:44:15","2024-08-27 14:00:02","2024-11-30 17:00:00"
1817,"Quote For: interior Plaster & Painting - 13 McIntyre Rd","Rolando Reveco","JRA CONSTRUCTION LTD",Jeff,Michaels,jeff@jraconstruction.co.nz,0.00,NZD,"Tax Exclusive",,Accepted,"2024-01-17 16:07:21","2024-01-17 16:07:21","2024-02-16 16:00:00"
1824,"New: Exterior Plaster - 25 Bute Road, Browns Bay, Auckland 0630","Rolando Reveco","nexus exterior ltd",Lili,Pal,lili@nexusexteriors.co.nz,0.00,NZD,"Tax Exclusive",,Accepted,"2024-01-30 20:38:54","2024-01-30 20:24:31","2024-02-29 20:00:00"
1828,"New: Exterior Paint - 28B Tennyson Avenue, Takapuna, Auckland 0622","Rolando Reveco","nexus exterior ltd",Lili,Pal,lili@nexusexteriors.co.nz,0.00,NZD,"Tax Exclusive",,Accepted,"2024-02-12 21:19:28","2024-02-12 21:18:00","2024-03-13 21:00:00"
1829,"New: Exterior Paint - 15 Blomfield Spa, Takapuna, Auckland 0622","Rolando Reveco","nexus exterior ltd",Lili,Pal,lili@nexusexteriors.co.nz,0.00,NZD,"Tax Exclusive",,Accepted,"2024-02-12 21:28:41","2024-02-12 21:28:41","2024-03-13 21:00:00"
1831,"Estimate For: Ceiling Plaster & Paint (us discusses) - 21 Matau Rise Te Atatū Peninsula","Rolando Reveco","Refresh - West Auckland",Fiona,Fairburn,fiona.fairbairn@refresh.co.nz,"5,799.41",NZD,"Tax Exclusive",,Accepted,"2024-02-16 16:45:44","2024-02-15 23:23:00","2024-03-16 23:00:00"
1832,"Quote for: Crack Repair & Match Paint / 2-364 Kohimarama Road, St Heliers","Rolando Reveco",lynley,Lynley,,lynleydavidson@gmail.com,"2,313.92",NZD,"Tax Inclusive",,Accepted,"2024-02-16 18:23:07","2024-02-15 23:36:05","2024-03-16 23:00:00"
1818,"Exterior Painting & Plaster Crack Repair (Top Level)- 8/26 Roanoke Way, Albany, Auckland 0632","Rolando Reveco","Graeme Waite",Graeme,Waite,graeme.waite@xtra.co.nz,"4,831.55",NZD,"Tax Exclusive",,Accepted,"2024-02-21 13:35:28","2024-01-24 08:02:35","2024-02-23 07:00:00"
1836,"Quote For Plastering - 13 Martin Avenue, Remuera, Auckland 1050","Rolando Reveco","JP BUILDERS LIMITED",Josh,Phillips,jpbuildersnz@gmail.com,0.00,NZD,"Tax Exclusive (Inclusive Total)",,Accepted,"2024-02-25 21:42:54","2024-02-25 21:42:54","2024-03-26 21:00:00"
1837,"Exterior Painting & Plaster Crack Repair - 11 Corta Bella Place, Golflands, Auckland 2013","Rolando Reveco","Chris Twyman",Chris,Twyman,chris@handyco.co.nz,"10,511.75",NZD,"Tax Exclusive",,Accepted,"2024-02-27 10:38:46","2024-02-25 22:38:41","2024-03-26 22:00:00"
1842,"Estimate For: Stopping and Painting - 23A Monarch Avenue, Hillcrest, Auckland.","Sebastian Lara","Mark Wildman",Mark,Wildman,markwildman23a@gmail.com,"1,481.30",NZD,"Tax Exclusive",,Accepted,"2024-02-29 16:29:44","2024-02-29 16:01:09","2024-03-30 15:00:00"
1843,"Variation 4: Extras Exterior Plaster- 4 Smith Str, Freemans Bay - Variation","Rolando Reveco","Lewis Build Ltd",Ben,Lewis,ben@lewisbuild.co.nz,"7,503.30",NZD,"Tax Exclusive",,Accepted,"2024-02-29 21:14:13","2024-02-29 19:17:42","2024-03-30 19:00:00"
1841,"Quote For: Wall Patch Repair & Paint - 13 a Webb place Forrest hill","Rolando Reveco",Esti,Esti,,estivanwyk@gmail.com,"1,164.62",NZD,"Tax Exclusive",,Accepted,"2024-03-01 21:03:01","2024-02-28 23:55:02","2024-03-29 23:00:00"
1844,"Exterior Painting & Plaster Crack Repair (as discussed on two sides)- 8/26 Roanoke Way, Albany, Auckland 0632","Rolando Reveco","Graeme Waite",Graeme,Waite,graeme.waite@xtra.co.nz,"2,546.40",NZD,"Tax Exclusive",,Accepted,"2024-03-03 17:17:24","2024-03-03 17:12:12","2024-04-02 17:00:00"
1840,"Quote For: Ceiling Crack Repair & Blend Paint - 13 a Webb place Forrest hill","Rolando Reveco","North Shore Heat Pumps Ltd",Tim,,Salesnsra@outlook.com,774.64,NZD,"Tax Exclusive",,Accepted,"2024-03-05 15:07:59","2024-02-28 23:25:06","2024-03-29 23:00:00"
1845,"Estimate For: Painting the Kitchen Area (us discusses) - 34B Takutai Avenue, Bucklands Beach, Auckland","Sebastian Lara",Vanya,Vanya,,vanya@accurateautoglass.co.nz,"2,216.53",NZD,"Tax Exclusive",,Accepted,"2024-03-05 16:46:00","2024-03-03 22:38:31","2024-04-02 21:00:00"
1847,"Variation - 9 Earnoch Avenue, Takapuna, Auckland","Rolando Reveco","Lewis Build Ltd",Ben,Lewis,ben@lewisbuild.co.nz,"3,641.35",NZD,"Tax Exclusive",,Accepted,"2024-03-06 14:07:29","2024-03-05 21:22:03","2024-04-04 21:00:00"
1846,"Quote For: Plaster on Concrete Block wall - 32 Bracken Avenue, Takapuna, Auckland","Rolando Reveco",ben@lewisbuild.co.nz,Ben,Lewis,ben@lewisbuild.co.nz,"4,855.83",NZD,"Tax Exclusive",,Accepted,"2024-03-12 17:48:28","2024-03-05 20:48:46","2024-04-04 20:00:00"
1852,"Quote for Plaster Repair - 18 Seaview Road, Remuera, Auckland 1050","Rolando Reveco","WC Property Services T/a- Solvd",James,Beck,office@solvd.nz,"1,448.59",NZD,"Tax Exclusive",,Accepted,"2024-03-13 08:47:17","2024-03-12 21:35:25","2024-04-11 21:00:00"
1855,"Quote For: Plaster existing fiber cement sheet - 11 Corta Bella Place, Golflands, Auckland 2013","Rolando Reveco","Chris Twyman",Chris,Twyman,chris@handyco.co.nz,"2,748.29",NZD,"Tax Exclusive",,Accepted,"2024-03-14 10:43:32","2024-03-14 09:00:55","2024-04-13 08:00:00"
1853,"Estimate For: Exterior Painting & Plaster Crack Repair - 15B Stephanie Close, Glenfield, Auckland 0629","Rolando Reveco","Geoff Miller",Geoff,Miller,geoffmiller86@gmail.com,"13,679.50",NZD,"Tax Exclusive",,Accepted,"2024-03-14 10:44:14","2024-03-12 22:36:06","2024-04-11 21:00:00"
1856,"Exterior Painting & ceiling Repair - 11 Corta Bella Place, Golflands, Auckland 2013","Sebastian Lara","Chris Twyman",Chris,Twyman,chris@handyco.co.nz,"3,935.83",NZD,"Tax Exclusive",,Accepted,"2024-03-14 17:19:12","2024-03-14 16:34:50","2024-04-13 13:00:00"
1849,"Quote For: Plaster over fiber cement sheet - 5 Ruahine St, Avondale","Rolando Reveco","Paul Toilalo",Paul,Toilalo,toilalo@gmail.com,"1,433.44",NZD,"Tax Exclusive",,Accepted,"2024-03-15 01:39:46","2024-03-12 20:05:57","2024-04-11 19:00:00"
1851,"Quote for Re-Plaster concrete wall - 22 Mappin Place, Chatswood, Auckland 0626","Rolando Reveco",Leighton,Leighton,,leighton@abbot.net.nz,"7,575.02",NZD,"Tax Exclusive",,Accepted,"2024-03-17 19:05:41","2024-03-12 21:14:11","2024-04-11 20:00:00"
1857,"Estimate For: Patch / Plaster / Repair & Paint, Kitchen as discussed - 8 Empressa Heights, Helensville","Sebastian Lara","Bryce And Diane Tecofsky","Bryce And Diane",Tecofsky,bryce.tecofsky@live.com,"1,489.57",NZD,"Tax Exclusive",,Accepted,"2024-03-19 08:57:34","2024-03-18 12:46:37","2024-04-17 12:00:00"
1823,"Estimate For: Stopping and Painting - Seaview Terrace, Mount Albert","Rolando Reveco","Refresh - West Auckland",Cath,Eastwood,cath.eastwood@refresh.co.nz,"6,971.30",NZD,"Tax Exclusive",,Accepted,"2024-04-02 19:42:09","2024-01-30 19:51:52","2024-05-02 19:00:00"
1865,"Estimate For: Exterior Painting & Plaster Crack Repair - 7 Elizabeth Place, Mairangi Bay, Auckland 0630","Rolando Reveco","Chris Western",Chris,Western,oakriver88@icloud.com,"4,669.47",NZD,"Tax Exclusive",,Accepted,"2024-04-03 08:31:50","2024-04-01 15:52:10","2024-05-01 15:00:00"
1866,"Estimate For: Plaster Repair - 40 Lake View Road, Takapuna, Auckland 0622","Rolando Reveco","Richard Grigg",Richard,Grigg,richard@griggfamily.info,"2,711.03",NZD,"Tax Exclusive",,Accepted,"2024-04-08 12:48:14","2024-04-02 19:29:34","2024-05-02 19:00:00"
1815,"Estimate: Interior - 61/2 Forrest Hill Road, Milford, Auckland 0620","Rolando Reveco",NINA,NINA,,ninayeoman35@gmail.com,"10,000.00",NZD,"Tax Exclusive",,Accepted,"2024-04-17 08:06:24","2024-01-12 11:41:02","2024-05-09 15:00:00"
1868,"Quote For: Internal - Gib Stopping / Painting - 2A Pukehana Avenue, Epsom, Auckland 1023","Rolando Reveco","WOLF CONSTRUCTION LIMITED",James,Thomas,james@wolfconstruction.co.nz,"7,743.92",NZD,"Tax Exclusive",,Accepted,"2024-04-17 08:07:48","2024-04-04 21:55:00","2024-05-04 21:00:00"
1882,"Estimate For: Stopping and Painting - 13 Stapleford Crescent, Browns Bay","Rolando Reveco","George/Glenys Gardiner",George/Glenys,Gardiner,glengeorge@kinect.co.nz,"1,224.32",NZD,"Tax Exclusive",,Accepted,"2024-04-26 16:35:32","2024-04-23 09:04:10","2024-05-23 08:00:00"
1885,"Quote For: interior Plaster & Painting - 32-7 Brighton Road, Parnell, Auckland 1052","Rolando Reveco","JRA CONSTRUCTION LTD",Jeff,Michaels,jeff@jraconstruction.co.nz,0.00,NZD,"Tax Exclusive",,Accepted,"2024-04-29 07:21:35","2024-04-29 07:21:35","2024-05-29 07:00:00"
1886,"Quote For: Exterior Fiber Cement Sheet - 27A Arthur Street, Ellerslie, Auckland 1051","Rolando Reveco","Complete Building Works",Daniel,Barrett,dancbw@gmail.com,"5,692.20",NZD,"Tax Exclusive",,Accepted,"2024-04-30 10:45:55","2024-04-29 09:08:12","2024-05-29 08:00:00"
1884,"Estimate For: Stopping and Painting - 1 George Street, Newmarket, Auckland 1023","Rolando Reveco",Lousi,Lousi,Pendergrast,ldbpen@gmail.com,"1,817.19",NZD,"Tax Exclusive",,Accepted,"2024-04-30 18:00:59","2024-04-26 23:14:38","2024-05-26 22:00:00"
1890,"Quote For: Internal - Gib Stopping / Painting - 34 Saddleback Rise, Murrays Bay, Auckland 0630","Rolando Reveco",Mike Conboy,Mike ,Conboy,mike.conboy@gmail.com,"4,631.60",NZD,"Tax Exclusive",,Accepted,"2024-05-07 10:05:42","2024-05-06 18:31:48","2024-06-05 18:00:00"
1877,"Estimate: Extra Plastering - 95A Beach Road, Castor Bay, Auckland","Rolando Reveco","Oncore / Refresh",(JJ)Johannes,Jacobs,johannes.jacobs@refresh.co.nz,"1,799.70",NZD,"Tax Exclusive",,Accepted,"2024-05-08 08:20:18","2024-04-17 07:38:56","2024-05-17 07:00:00"
1891,"Quote for: Exterior Plaster - 43 Dryden Street, Grey Lynn, Auckland 1021","Rolando Reveco","Lewis Build",Ben,Lewis,ben@lewisbuild.co.nz,"2,712.65",NZD,"Tax Exclusive",,Accepted,"2024-05-08 21:13:38","2024-05-08 06:14:40","2024-06-07 06:00:00"
1874,"Quote For: Plaster on Concrete Block wall - 239 flat bush school rd","Rolando Reveco","Treasure Homes Ltd",Samuel,Cai,Samuel@treasurehomes.co.nz,"12,000.00",NZD,"Tax Exclusive",,Accepted,"2024-05-10 10:07:43","2024-04-13 19:18:42","2024-05-13 19:00:00"
1899,"Estimate For: internal Plaster - 13 Forbes Street, Onehunga, Auckland 1061","Rolando Reveco",Abbie,Abbie,,larooyabbie@gmail.com,"3,815.63",NZD,"Tax Exclusive",,Accepted,"2024-05-18 08:06:17","2024-05-16 20:23:33","2024-06-15 20:00:00"
1900,"Estimate For: Plaster Repair & Paint, Kitchen as discussed - 23 Marina View Drive, West Harbour, Auckland","Sebastian Lara","Shirley & Trent Walton","Shirley & Trent",Walton,trentshirley@xtra.co.nz,"1,849.57",NZD,"Tax Exclusive",,Accepted,"2024-05-20 15:20:42","2024-05-19 22:47:54","2024-06-18 22:00:00"
1897,"Estimate: Exterior Paint - 31 Cory Road, Palm Beach, Waiheke Island 1081","Rolando Reveco","Rodney Pope",Rodney,Pope,Rodney@waihekehomebuilders.co.nz,"2,531.88",NZD,"Tax Exclusive",,Accepted,"2024-05-22 09:09:33","2024-05-16 10:53:41","2024-06-15 10:00:00"
1905,"Estimate For: Ceiling Crack Repair & Paint (us discusses) - 7 Elizabeth Place, Mairangi Bay, Auckland 0630","Rolando Reveco","Chris Western",Chris,Western,oakriver88@icloud.com,"3,682.33",NZD,"Tax Exclusive",,Accepted,"2024-05-23 07:52:48","2024-05-22 21:41:09","2024-06-21 21:00:00"
1904,"ESTIMATE For: Gib Stopping - Painting Bathroom (as request) - Taipari Rd, Te Atatu Peninsula","Rolando Reveco","Refresh - West Auckland",Cath,Eastwood,cath.eastwood@refresh.co.nz,"2,358.28",NZD,"Tax Exclusive",,Accepted,"2024-05-29 13:53:25","2024-05-21 20:20:36","2024-06-20 20:00:00"
1907,"Estimate For: Plaster & Paint (ceiling and hatch door) - 4 Smith Street, Freemans Bay, Auckland 1011","Rolando Reveco","LEWIS BUILD LIMITED",Ben,Lewis,ben@lewisbuild.co.nz,"2,994.39",NZD,"Tax Exclusive",,Accepted,"2024-05-31 09:57:26","2024-05-28 15:16:03","2024-06-27 15:00:00"
1911,"Quote For: Plaster over Concrete Block wall - 10 Frieston Road, Milford, Auckland 0620","Rolando Reveco",Regan,Regan,,regan@physioconnect.co.nz,"1,635.11",NZD,"Tax Exclusive",,Accepted,"2024-06-05 20:34:20","2024-06-04 17:37:49","2024-07-04 17:00:00"
1917,"Quote For: Internal - Gib Stopping / Painting L5 - 9 Winn Road, Freemans Bay, Auckland 1011","Rolando Reveco","JRA CONSTRUCTION LTD",Jeff,Michaels,jeff@jraconstruction.co.nz,"5,801.84",NZD,"Tax Exclusive",,Accepted,"2024-06-14 17:57:33","2024-06-13 07:17:03","2024-07-13 07:00:00"
1918,"Estimate: Stopping James-Hardie Soffits - 1/60 Milford Road, Auckland","Rolando Reveco","valerie Cross",Valerie,Cross,cros1group@hotmail.com,"3,715.43",NZD,"Tax Exclusive",,Accepted,"2024-06-17 17:52:29","2024-06-15 05:07:03","2024-07-15 05:00:00"
1920,"Estimate For: internal Plaster - 72 Hinemoa Street Birkenhead","Rolando Reveco","Kamala Busch-Marsden",Kamala,Busch-Marsden,kamala.bibi@gmail.com,"2,023.62",NZD,"Tax Exclusive",,Accepted,"2024-06-19 17:00:11","2024-06-17 20:01:49","2024-07-17 19:00:00"
1909,"Estimate: Paint Exterior House - 2/401 East Coast Road, Mairangi Bay, Auckland 0630","Rolando Reveco","Madison Building","Nick Craig",Craig,nick@madisonbuilding.co.nz,"10,637.76",NZD,"Tax Exclusive",,Accepted,"2024-06-19 20:41:55","2024-06-03 22:41:28","2024-07-03 22:00:00"
1925,"Estimate: Painting Interior - 2/401 East Coast Road, Mairangi Bay, Auckland 0630","Rolando Reveco","Madison Building","Nick Craig",Craig,nick@madisonbuilding.co.nz,"17,136.31",NZD,"Tax Exclusive",,Accepted,"2024-06-30 14:33:52","2024-06-21 01:29:03","2024-07-21 01:00:00"
1921,"Estimate: Paint Internal / External - 4 Whitford Avenue, Mount Wellington","Rolando Reveco","JRA CONSTRUCTION LTD",Jiten,Patel,Jiten@JRAConstruction.co.nz,"1,917.93",NZD,"Tax Exclusive",,Accepted,"2024-06-30 21:13:11","2024-06-18 22:01:45","2024-07-18 21:00:00"
1931,"Estimate For: Painting timber windows (as requested)- 103 Garnet Road, Westmere, Auckland 1022","Rolando Reveco","WOLF CONSTRUCTION LIMITED",James,Thomas,james@wolfconstruction.co.nz,"2,143.82",NZD,"Tax Exclusive",,Accepted,"2024-07-04 08:33:50","2024-07-03 16:23:09","2024-08-02 16:00:00"
1934,"Quote: Exterior Plastering - 5 Rota Place, Parnell, Auckland 1052","Rolando Reveco","Susan Graham",Susan,Graham,sbgraham@xtra.co.nz,"11,500.00",NZD,"Tax Inclusive",,Accepted,"2024-07-08 14:51:40","2024-07-06 19:20:43","2024-08-05 19:00:00"
1935,"Quote For: Plaster Over Concrete Block wall - 7 Russell Street, Freemans Bay, Auckland 1011","Rolando Reveco","Elevate Projects",Chris,Marsh,chris@elevateprojects.co.nz,811.69,NZD,"Tax Exclusive",,Accepted,"2024-07-09 11:42:03","2024-07-08 16:37:00","2024-08-07 16:00:00"
1928,"Quote For: Internal - Gib Stopping / Painting - 34 Saddleback Rise, Murrays Bay, Auckland 0630","Rolando Reveco",Mike Conboy,Mike ,Conboy,mike.conboy@gmail.com,"8,118.27",NZD,"Tax Exclusive",,Accepted,"2024-07-11 15:42:33","2024-07-02 17:25:35","2024-08-01 17:00:00"
1940,"Estimate: Stopping James-Hardie Soffits - 1/60 Milford Road, Auckland","Rolando Reveco","valerie Cross",Valerie,Cross,cros1group@hotmail.com,"1,864.61",NZD,"Tax Exclusive",,Accepted,"2024-07-21 19:51:34","2024-07-20 11:46:17","2024-08-19 11:00:00"
1936,"Estimate For: Plaster Repair & Paint, Laundyas discussed - 1-13 Pine Ridge Terrace, Hauraki, Auckland 0622","Rolando Reveco","Rachel McClelland",Rachel,McClelland,mccl.rachel@gmail.com,"2,273.90",NZD,"Tax Exclusive",,Accepted,"2024-07-24 10:25:11","2024-07-09 21:24:53","2024-08-07 19:00:00"
1943,"Estimate: Exterior Plaster Front House - 1/60 Milford Road, Auckland","Rolando Reveco","valerie Cross",Valerie,Cross,cros1group@hotmail.com,"9,574.20",NZD,"Tax Exclusive",,Accepted,"2024-07-24 11:56:31","2024-07-23 08:58:47","2024-08-22 07:00:00"
1948,"Estimate For: Internal Plaster -  2/135 Verbena Road, Birkdale, Auckland 0626","Rolando Reveco",Cary,Cary,,carymack@proton.me,997.37,NZD,"Tax Exclusive",,Accepted,"2024-07-30 13:39:10","2024-07-29 21:10:28","2024-08-28 21:00:00"
1942,"Estimate: Painting Exterior - 3A Haast Street, Remuera, Auckland 1050","Rolando Reveco","Madison Building","Nick Craig",Craig,nick@madisonbuilding.co.nz,"23,623.11",NZD,"Tax Exclusive",,Accepted,"2024-07-31 23:23:32","2024-07-22 16:54:32","2024-08-21 15:00:00"
1941,"Estimate: Skimming / Painting Interior - 3A Haast Street, Remuera, Auckland 1050","Rolando Reveco","Madison Building","Nick Craig",Craig,nick@madisonbuilding.co.nz,"25,141.96",NZD,"Tax Exclusive",,Accepted,"2024-07-31 23:24:02","2024-07-21 20:07:07","2024-08-20 19:00:00"
1949,"Estimate For: Plaster Repair & Paint, Kitchen as discussed - 14 Thomas Hunter Lane, Greenhithe, Auckland 0632","Rolando Reveco","Monique and Anders Morley Mogensen","Monique and Anders",Morley,anders.mogensen.nz@gmail.com,"1,310.91",NZD,"Tax Exclusive",,Accepted,"2024-08-01 08:43:08","2024-07-31 21:49:25","2024-08-30 21:00:00"
1950,"Estimate For: Paint - Kitchen Pantry Room (us discussed) - 14 Thomas Hunter Lane, Greenhithe, Auckland 0632","Rolando Reveco","Monique and Anders Morley Mogensen","Monique and Anders",Morley,anders.mogensen.nz@gmail.com,646.20,NZD,"Tax Exclusive",,Accepted,"2024-08-01 08:59:54","2024-07-31 21:50:47","2024-08-30 21:00:00"
1887,"Estimate For: Painting timber windows (as requested)- 330 Titirangi Road, Titirangi, Auckland 0604","Rolando Reveco","Gravity Projects",David,McGinley,gravityprojects@outlook.co.nz,"2,725.72",NZD,"Tax Exclusive",,Accepted,"2024-08-07 07:46:49","2024-04-29 19:41:42","2024-09-05 18:00:00"
1947,"Estimate For: Painting timber windows (as requested)- 330 Titirangi Road, Titirangi, Auckland 0604","Rolando Reveco","Gravity Projects",David,McGinley,gravityprojects@outlook.co.nz,"11,518.11",NZD,"Tax Exclusive",,Accepted,"2024-08-07 07:48:25","2024-07-29 13:37:48","2024-08-28 11:00:00"
1958,"Estimate: Exterior Plaster Back House - 1/60 Milford Road, Auckland","Rolando Reveco","valerie Cross",Valerie,Cross,cros1group@hotmail.com,"4,027.23",NZD,"Tax Exclusive",,Accepted,"2024-08-08 10:47:26","2024-08-07 22:13:20","2024-09-06 22:00:00"
1955,"Estimate For: Plaster Repair & Paint, Kitchen as discussed - 4 Melmore Place, Pinehill, Auckland 0632","Rolando Reveco","Lara and Pete Syddall","Lara and Pete",Syddall,lara@elysiumfieldsnz.com,"1,370.38",NZD,"Tax Exclusive",,Accepted,"2024-08-12 17:32:13","2024-08-12 07:55:52","2024-09-05 20:00:00"
1956,"Quote: For Crack repair and Full Mesh System - 877 Weranui Road, Wainui 0994","Rolando Reveco","Geospace NZ Ltd",Randall,Francis,sales@geospace.co.nz,"49,848.99",NZD,"Tax Exclusive",,Accepted,"2024-08-13 13:25:31","2024-08-07 20:56:34","2024-09-06 20:00:00"
1957,"Quote For: Plaster over Concrete Block wall - 15 Pine Ridge Terrace, Hauraki, Auckland 0622","Rolando Reveco","Graeme Webbber",Graeme,Webbber,greyweb@gmail.com,"5,615.51",NZD,"Tax Exclusive",,Accepted,"2024-08-14 09:10:54","2024-08-07 21:58:32","2024-09-06 21:00:00"
1967,"Estimate For: Plaster Repair & Paint, Kitchen (as discussed) - 4 Levy Road, Glen Eden, Auckland 0602","Rolando Reveco","Glen Eden Playcentre",Matt,,gepcproperty@gmail.com,964.92,NZD,"Tax Exclusive",,Accepted,"2024-08-28 22:09:26","2024-08-27 13:25:05","2024-09-26 13:00:00"
1965,"For Painting - Roof - 3 Wairiki Road, Mount Eden, Auckland 1024","Rolando Reveco","TINY HOME HQ",Daniel,Hutton,dan@tinyhomehq.co.nz,"6,593.37",NZD,"Tax Exclusive",,Accepted,"2024-08-30 08:28:08","2024-08-25 21:40:34","2024-09-24 21:00:00"
1978,"Estimate: Exterior Plaster Paint Front House - 1/60 Milford Road, Auckland","Rolando Reveco","valerie Cross",Valerie,Cross,cros1group@hotmail.com,"3,697.07",NZD,"Tax Exclusive",,Accepted,"2024-09-08 21:46:35","2024-09-04 07:57:12","2024-10-04 07:00:00"
1975,"Estimate For: Exterior Plaster & Paint (us discusses)- 1G Valley Road, Northcote, Auckland 0626","Rolando Reveco","Jose Franco",Jose,Franco,Tamakidr@gmail.com,"34,139.88",NZD,"Tax Exclusive",,Accepted,"2024-09-09 07:49:51","2024-09-03 20:52:39","2024-10-03 20:00:00"
1969,"Estimate For: Exterior plaster crack repair (us discusses) - 6A Pahaki Street, St Heliers, Auckland 1071","Rolando Reveco","Ed Wylie",Ed,Wylie,ed.wylie@xtra.co.nz,"2,415.90",NZD,"Tax Exclusive",,Accepted,"2024-09-10 20:57:17","2024-08-27 16:48:46","2024-09-26 16:00:00"
1979,"Estimate: Skimming - Gib Stopping / Optional Painting Interior  - 67 Green Lane East, Remuera, Auckland 1050","Rolando Reveco","Rojolie clinic",Jock,Matthews,Jock@rojolie.co.nz,"2,636.92",NZD,"Tax Exclusive",,Accepted,"2024-09-10 22:08:55","2024-09-05 22:53:29","2024-10-05 22:00:00"
1984,"Quote: For Crack repair - 60 Old Mill Road, Grey Lynn, Auckland 1021","Rolando Reveco","Philip M.Clarke",Philip,M.Clarke,philip.maurice.clarke@gmail.com,"2,376.16",NZD,"Tax Exclusive",,Accepted,"2024-09-16 08:20:03","2024-09-16 07:38:27","2024-10-16 06:00:00"
1981,"Estimate For: Plaster & Paint (Game Room) - 4 Smith Street, Freemans Bay, Auckland 1011","Rolando Reveco","LEWIS BUILD LIMITED",Ben,Lewis,ben@lewisbuild.co.nz,"1,957.15",NZD,"Tax Exclusive",,Accepted,"2024-09-16 10:57:55","2024-09-09 21:06:19","2024-10-09 21:00:00"
1980,"Quote for: Supply / Fix- EZ PANEL / Plaster-full mesh - Paint system - 19 Fairchild Avenue. Goodwood Heights. Manukau","Rolando Reveco","IBUILD NEW LTD",Mohammed,Zaid,ibuildnewltd@gmail.com,"13,281.71",NZD,"Tax Exclusive",,Accepted,"2024-09-17 20:52:50","2024-09-09 20:43:33","2024-10-09 20:00:00"
1985,"Estimate: Gib Stopping / Painting Interior (areas discusses with Diana)- 16A Hoskins Avenue, Hillsborough, Auckland 1042","Rolando Reveco","Madison Building","Nick Craig",Craig,nick@madisonbuilding.co.nz,"4,669.30",NZD,"Tax Exclusive",,Accepted,"2024-09-21 20:20:10","2024-09-16 10:54:21","2024-10-16 10:00:00"
1991,"Estimate: Gib fixed / Painting Interior (areas discusses)- 18A Rewarewa Road, Te Atatū Peninsula, Auckland 0610","Rolando Reveco","Jondy Charles",Jondy,Charles,Jondycharlesworth@gmail.com,"2,440.89",NZD,"Tax Exclusive",,Accepted,"2024-09-26 21:22:28","2024-09-24 16:49:27","2024-10-24 16:00:00"
1993,"ESTIMATE: Exterior Paint - 55 Princes Street, Northcote Point, Auckland 0627","Rolando Reveco","Lance Reynolds",Lance,Reynolds,Lsreynoldsnz@hotmail.com,"15,656.70",NZD,"Tax Exclusive",,Accepted,"2024-09-30 22:03:35","2024-09-27 12:08:17","2024-10-25 16:00:00"
1999,"Quote: For Interior Gib Stopping / Painting Ceiling - 93b Potter Rd Coatsville","Rolando Reveco","Judy Thomas",Judy,Thomas,judythomasnz@xtra.co.nz,"2,959.67",NZD,"Tax Exclusive",,Accepted,"2024-10-09 18:23:14","2024-10-08 22:14:53","2024-11-07 21:00:00"
2001,"Estimate For: Exterior Plaster (us discusses)- 12A Alexander Avenue, Torbay, Auckland 0630","Rolando Reveco","ADROIT BUILDERS LIMITED",Oscar,Williams,oscar@adroitbuilders.co.nz,"2,411.76",NZD,"Tax Exclusive",,Accepted,"2024-10-11 12:02:42","2024-10-09 15:17:32","2024-11-08 15:00:00"
2002,"Estimate For: Patch / Plaster / Repair & Paint, Kitchen as discussed - 8A Miri Rd, Rothesay Bay","Rolando Reveco","Mike Tritt",Mike,Tritt,miketritt3@gmail.com,"1,386.27",NZD,"Tax Exclusive",,Accepted,"2024-10-16 21:46:20","2024-10-15 19:20:10","2024-11-14 19:00:00"
2004,"Estimate: Gib Stopping / Painting Interior - 42B Sprott Road, Kohimarama, Auckland 1071","Rolando Reveco",ben@lewisbuild.co.nz,Ben,Lewis,ben@lewisbuild.co.nz,"4,321.23",NZD,"Tax Exclusive",,Accepted,"2024-10-18 11:39:16","2024-10-17 22:23:39","2024-11-16 21:00:00"
1976,"Estimate: Painting Interior - 5 Gracechurch Drive, Flat Bush, Auckland 2016","Rolando Reveco",ben@lewisbuild.co.nz,Ben,Lewis,ben@lewisbuild.co.nz,"62,923.60",NZD,"Tax Exclusive",,Accepted,"2024-10-18 14:27:32","2024-09-04 07:11:49","2024-11-16 21:00:00"
2003,"Estimate: Gib Stopping (as discusses) - 74 Coronation Road, Hillcrest, Auckland 0627","Rolando Reveco","Megan King",Megan,King,hmacsking@gmail.com,982.31,NZD,"Tax Exclusive",,Accepted,"2024-10-21 20:21:24","2024-10-17 20:53:02","2024-11-15 23:00:00"
2006,"ESTIMATE: Exterior Paint - 55 Princes Street, Northcote Point, Auckland 0627","Rolando Reveco","Lance Reynolds",Lance,Reynolds,Lsreynoldsnz@hotmail.com,"10,617.55",NZD,"Tax Exclusive",,Accepted,"2024-10-21 20:51:16","2024-10-21 20:20:40","2024-11-20 19:00:00"
2017,"Quote for: Interior Paint - 15 rendall place, unit 203","Rolando Reveco",Andy,Andy,,boneandrew82@gmail.com,"4,375.00",NZD,"Tax Exclusive",,Accepted,"2024-11-08 17:50:17","2024-11-08 15:45:14","2024-12-08 14:00:00"
2026,"Estimate For: Gib Fix / Plaster / Repair & Seal Kitchen as discussed - 108 George Deane Place, Greenhithe, Auckland 0632","Sebastian Lara",James,James,,jstowersnz@gmail.com,"1,281.27",NZD,"Tax Exclusive",,Accepted,"2024-11-16 14:49:05","2024-11-15 15:46:02","2024-12-15 15:00:00"
2023,"Estimate For: Patch / Plaster / Repair & Paint, Kitchen as discussed - 5 Tuatua Road, Hobsonville, Auckland 0616","Sebastian Lara","Portia & Gazz Havill","Portia & Gazz",Havill,porsche911_347@hotmail.com,"4,689.93",NZD,"Tax Exclusive",,Accepted,"2024-11-18 07:51:09","2024-11-14 17:45:57","2024-12-14 08:00:00"
2028,"Estimate For: Plaster Repair & Seal 4x Electric holes as discussed - 108 George Deane Place, Greenhithe, Auckland 0632","Sebastian Lara",James,James,,jstowersnz@gmail.com,735.23,NZD,"Tax Exclusive",,Accepted,"2024-11-19 15:35:31","2024-11-19 11:33:39","2024-12-19 11:00:00"
2032,"Estimate: Painting lead flashing - 5 Gracechurch Drive, Flat Bush, Auckland 2016","Rolando Reveco",ben@lewisbuild.co.nz,Ben,Lewis,ben@lewisbuild.co.nz,"2,701.35",NZD,"Tax Exclusive",,Accepted,"2024-11-21 06:58:39","2024-11-19 16:11:51","2024-12-19 16:00:00"
2022,"ESTIMATE: Exterior Paint - 77 Webster Ave Mt Roskill","Rolando Reveco","Stephen Muir",Stephen,Muir,stephenrmuir@gmail.com,"17,331.15",NZD,"Tax Exclusive",,Accepted,"2024-11-21 10:07:02","2024-11-14 00:10:39","2024-12-13 23:00:00"
2019,"Quote For:  Bagg Finish & Paint Brick wall Cladding - 40 Ladies Mile, Manly, Whangaparāoa 0930","Rolando Reveco","BrettLou Millikin",Lou,Millikin,millikins4@outlook.com,"11,875.26",NZD,"Tax Exclusive",,Accepted,"2024-11-27 22:00:24","2024-11-13 21:43:42","2024-12-13 21:00:00"
2039,"Estimate For: Gib Fix / Plaster / Repair & Seal Kitchen as discussed - 111 Tauranga Place, Orewa 0931","Rolando Reveco","Robyn and George Brock","Robyn and George",Brock,brockie45@xtra.co.nz,0.00,NZD,"Tax Exclusive",,Accepted,"2024-11-27 22:53:01","2024-11-27 22:53:01","2024-12-27 22:00:00"
2024,"Estimate For: Gib Stopping / Internal & External Painting- 8a New haven terrace, Mairangi bay","Rolando Reveco","Madison Building","Nick Craig",Craig,nick@madisonbuilding.co.nz,"8,905.29",NZD,"Tax Exclusive",,Accepted,"2024-11-27 22:57:42","2024-11-15 10:14:12","2024-12-15 07:00:00"
2027,"ESTIMATE: Exterior Paint - 4 Smith Street, Freemans Bay, Auckland 1011","Rolando Reveco","Simon Towns",Simon,Towns,Simon.towns@cbrands.com,"5,870.09",NZD,"Tax Exclusive",,Accepted,"2024-11-29 06:18:06","2024-11-15 15:50:10","2024-12-15 14:00:00"
2040,"ESTIMATE: Exterior Plaster - 77 Webster Ave Mt Roskill","Rolando Reveco","Stephen Muir",Stephen,Muir,stephenrmuir@gmail.com,"1,700.00",NZD,"Tax Exclusive",,Accepted,"2024-11-29 07:28:54","2024-11-28 23:09:48","2024-12-28 23:00:00"
2045,"Estimate For: Gib Fix / Plaster - 19 Nelson Street, Helensville 0800","Rolando Reveco","Kathryn and Kevin Wilson","Kathryn and Kevin",Wilson,kathryn@kractors.co.nz,"1,448.18",NZD,"Tax Exclusive",,Accepted,"2024-12-02 10:55:58","2024-12-02 10:07:24","2025-01-01 10:00:00"
2036,"Estimate For: Exterior Paint - 85A Trafalgar Street, Onehunga, Auckland 1061","Rolando Reveco","Rilo and Colin Somerville","Rilo and Colin",Somerville,rilosomerville17@gmail.com,"3,841.34",NZD,"Tax Exclusive",,Accepted,"2024-12-02 21:45:39","2024-11-22 09:03:20","2024-12-22 08:00:00"
2050,"Estimate: Strip Paint / Exterior Paint  - 9 Winn Road, Freemans Bay, Auckland 1011","Rolando Reveco","JRA CONSTRUCTION LTD",Joe,,Joe@jraconstruction.co.nz,"3,223.98",NZD,"Tax Exclusive",,Accepted,"2024-12-06 08:20:52","2024-12-05 22:17:27","2025-01-04 21:00:00"
2046,"Variations: Stopping & Paint James-Hardie Soffits - 23 Rota Place, Parnell, Auckland 1052","Rolando Reveco","Elevate Projects",Chris,Marsh,chris@elevateprojects.co.nz,"3,644.46",NZD,"Tax Exclusive",,Accepted,"2024-12-11 16:53:06","2024-12-02 17:44:13","2025-01-01 17:00:00"
2048,"Estimate For: Interior / Exterior Painting - 20 Kiwi Road, Point Chevalier, Auckland 1022","Rolando Reveco","Alan Milkop-Kerr",Alan,Milkop-Kerr,Alan_Milkop-Kerr@bnz.co.nz,"22,428.43",NZD,"Tax Exclusive",,Accepted,"2024-12-17 10:03:02","2024-12-03 23:14:58","2025-01-02 22:00:00"
2053,"Estimate for:  Rockcote Plaster Systems & Exterior Paint System - 218 Garnet Road, Westmere, Auckland 1022","Rolando Reveco","HARBOUR CITY PLANS LTD",Etienne,Koster,Etienne@harbourcityplans.co.nz,"10,252.55",NZD,"Tax Exclusive",,Accepted,"2024-12-20 10:48:11","2024-12-19 17:31:04","2025-01-18 14:00:00"
2037,"Estimate for: Gib Stopping - 2-62 Galway Street, Onehunga","Rolando Reveco","Gravity Projects",David,McGinley,gravityprojects@outlook.co.nz,"5,272.96",NZD,"Tax Exclusive",,Accepted,"2024-12-20 21:09:57","2024-11-24 15:01:50","2024-12-24 14:00:00"
2052,"Estimate For: internal Plaster - 13 Forbes Street, Onehunga, Auckland 1061","Rolando Reveco",Abbie,Abbie,,larooyabbie@gmail.com,"5,311.42",NZD,"Tax Exclusive",,Accepted,"2025-01-28 14:40:33","2024-12-16 20:18:50","2025-02-27 14:00:00"
1870,"Estimate For: Internal - Gib Stopping / Painting Top Level - 61 Woodfern Crescent, Titirangi, Auckland 0604","Rolando Reveco","Caroline Scott",Caroline,Scott,scottfamilyfive@gmail.com,"20,136.40",NZD,"Tax Exclusive",,Declined,"2024-04-10 14:34:14","2024-04-04 23:54:06","2024-05-04 23:00:00"
1867,"Estimate For:Interior Painting - 725A Remuera Road, Remuera, Auckland.","Sebastian Lara","Gemma Cullen",Gemma,Cullen,gemma_cullen@xtra.co.nz,"10,225.88",NZD,"Tax Exclusive",,Declined,"2024-04-10 14:56:02","2024-04-04 14:01:16","2024-05-04 09:00:00"
1896,"Estimate: Paint Plaster Cladding - 95A Beach Road, Castor Bay, Auckland","Rolando Reveco","Oncore / Refresh",(JJ)Johannes,Jacobs,johannes.jacobs@refresh.co.nz,"3,887.34",NZD,"Tax Exclusive",,Declined,"2024-05-18 12:38:15","2024-05-14 21:42:13","2024-06-13 21:00:00"
1923,"Estimate For: Gib Stopping fill hole / Exterior plaster crack repair  (us discusses) - 194A Horseshoe Bush Road, Dairy Flat","Rolando Reveco",Neil,Neil,,neilmortonsmith@gmail.com,"3,571.40",NZD,"Tax Exclusive",,Declined,"2024-06-25 06:53:09","2024-06-20 23:18:36","2024-07-20 22:00:00"
1919,"Estimate For: Gib/ Plaster & Paint (us discusses) - 1/46a masterton rd, rothesay bay","Rolando Reveco",Shari,Shari,,Shari@webfly.co.nz,0.00,NZD,"Tax Exclusive",,Declined,"2024-06-25 06:53:25","2024-06-17 14:55:36","2024-07-17 14:00:00"
1944,"Proposal for: Internal - Gib Stopping / Painting - 515 Hibiscus Coast Highway","Rolando Reveco","Justine Falken",Justine,Falken,Justinefalken@gmail.com,0.00,NZD,"Tax Exclusive",,Declined,"2024-07-30 16:43:18","2024-07-25 00:03:53","2024-08-23 23:00:00"
1971,"Estimate For: Exterior Paint (us discusses)- 28A Beechwood Road, Rothesay Bay, Auckland 0630","Rolando Reveco","Warren Davey","Warren Davey",Davey,warrendavey@yahoo.com,"18,261.73",NZD,"Tax Exclusive",,Declined,"2024-09-04 09:42:07","2024-09-02 18:36:17","2024-10-02 18:00:00"
1986,"Estimate: Skimming - Gib Stopping / Painting Interior Room - ?","Rolando Reveco","The Letting Company",Lara,Campbell,office@thelettingcompany.co.nz,"3,651.70",NZD,"Tax Exclusive",,Declined,"2024-10-07 13:54:45","2024-09-17 21:32:16","2024-10-17 21:00:00"
1998,"Estimate For: Plaster Repair & Paint, Kitchen (as discussed) - 24A Hebron Road, Waiake, Auckland 0630","Rolando Reveco","Paul & Nicki Bradburn & Brentnall","Paul & Nicki","Bradburn & Brentnall",bradsclan@xtra.co.nz,998.93,NZD,"Tax Exclusive",,Declined,"2024-10-14 16:42:51","2024-10-08 07:10:51","2024-11-06 19:00:00"
2031,"Estimate: Painting Around Dormes & Chicken Box - 5 Gracechurch Drive, Flat Bush, Auckland 2016","Rolando Reveco",ben@lewisbuild.co.nz,Ben,Lewis,ben@lewisbuild.co.nz,"3,304.95",NZD,"Tax Exclusive",,Declined,"2024-11-28 16:14:00","2024-11-19 15:27:05","2024-12-19 15:00:00"
1970,"Quote for:  Gib Fixed - 136 Solway Road, Whitford.","Rolando Reveco","Lewis Build",Ben,Lewis,ben@lewisbuild.co.nz,"20,907.50",NZD,"Tax Exclusive",,Declined,"2025-04-28 19:07:24","2024-08-28 23:14:11","2024-11-16 21:00:00"
1814,"Estimate: Skimming and Painting - 4 Kerrymaria Place, Hillcrest, Auckland","Sebastian Lara",Mikemab,Michael,Mabile,michael@mikemab.com,"48,194.33",NZD,"Tax Exclusive",,Expired,"2024-01-12 10:19:24","2024-01-10 18:17:48","2024-02-09 15:00:00"
1816,"Estimate: For: Internal Painting - Gib Stopping - 15 Dunbar Road, Mount Eden, Auckland.","Sebastian Lara","Lewis Build Ltd",Ben,Lewis,ben@lewisbuild.co.nz,"30,442.23",NZD,"Tax Exclusive",,Expired,"2024-01-15 11:48:27","2024-01-15 11:48:27","2024-02-14 09:00:00"
1820,"Estimate For: Exterior Plaster - Paint - 6/10 Penning Road in Castor Bay","Rolando Reveco","Jason Wild",Jason,Wild,jaswild68@gmail.com,"19,933.50",NZD,"Tax Exclusive",,Expired,"2024-01-24 16:22:57","2024-01-24 16:22:57","2024-02-23 15:00:00"
1821,"Estimate: Painting Interior & Exterior- 4 Whitford Avenue, Mount Wellington, Auckland 1060","Rolando Reveco","LEWIS BUILD LIMITED",Ben,Lewis,ben@lewisbuild.co.nz,"43,909.96",NZD,"Tax Exclusive",,Expired,"2024-01-24 18:57:40","2024-01-24 18:48:40","2024-02-23 17:00:00"
1822,"Quote: for Full Mesh Specialized System - 884 Beach Road, Waiake, Auckland 0630","Rolando Reveco",Surecoat,Rueben ,Scott,info@surecoat.co.nz,"43,475.06",NZD,"Tax Exclusive",,Expired,"2024-01-25 19:13:21","2024-01-25 19:13:21","2024-02-24 18:00:00"
1819,"Quote for Re-Plaster concrete wall - 27 Fairlands Avenue, Waterview, Auckland 1026","Rolando Reveco",Matt,Matt,,Mattyorourke@gmail.com,0.00,NZD,"Tax Exclusive",,Expired,"2024-01-28 10:25:45","2024-01-24 11:03:54","2024-02-23 09:00:00"
1825,"Estimate: For: Internal Plaster Bathroom - 9 Kowhai Road, Mairangi","Rolando Reveco","Nix Mowbray",Nix,Mowbray,nixschool@outlook.com,"1,813.98",NZD,"Tax Exclusive",,Expired,"2024-02-02 17:13:05","2024-02-02 17:13:05","2024-03-03 17:00:00"
1826,"Estimate For: Painting Roof - 6-67 Brighton Road, Parnell, Auckland 1052","Rolando Reveco",Rose,Rose,,rosechen999@qq.com,"3,147.40",NZD,"Tax Exclusive",,Expired,"2024-02-02 17:37:01","2024-02-02 17:37:01","2024-03-03 17:00:00"
1834,"Estimate: For Gib Stopping - Internal Painting 4213 Great North Road, Glendene, Auckland 0602","Rolando Reveco",betterbuilding.,Daniel,Park,info@betterbuilding.co.nz,"8,735.80",NZD,"Tax Exclusive",,Expired,"2024-02-22 15:08:11","2024-02-22 15:08:11","2024-03-23 14:00:00"
1830,"Estimate For: Variation Painting - 13 McIntyre Road, Māngere Bridge","Sebastian Lara","JRA CONSTRUCTION LTD",Jeff,Michaels,jeff@jraconstruction.co.nz,"3,163.79",NZD,"Tax Exclusive",,Expired,"2024-02-26 14:52:45","2024-02-13 15:57:38","2024-03-14 15:00:00"
1838,"Estimate: Skimming & Internal Paint","Sebastian Lara","Detailed Builds",Quaid,Bell,qbell94@hotmail.com,"2,125.86",NZD,"Tax Exclusive",,Expired,"2024-02-26 16:19:59","2024-02-26 16:19:59","2024-03-27 10:00:00"
1813,"Variation 3: extras - 4 Smith Str, Freemans Bay - Variation","Rolando Reveco","Lewis Build Ltd",Ben,Lewis,ben@lewisbuild.co.nz,"20,349.86",NZD,"Tax Exclusive",,Expired,"2024-02-26 22:20:01","2024-02-05 22:29:18","2024-03-06 15:00:00"
1835,"Estimate For: Exterior Garage Plaster / Paint - 27 North Piha Road, Piha 0772","Rolando Reveco","JRA CONSTRUCTION LTD",Joe,,Joe@jraconstruction.co.nz,0.00,NZD,"Tax Exclusive",,Expired,"2024-02-27 23:34:48","2024-02-25 21:38:10","2024-03-26 21:00:00"
1839,"Quote For: Plaster on Concrete Block wall - 19 Dudding Ave, Northcote","Rolando Reveco","Julie Armstrong",Julie,Armstrong,juliearmstrong100@gmail.com,"5,657.75",NZD,"Tax Exclusive",,Expired,"2024-02-28 22:20:51","2024-02-28 22:20:51","2024-03-29 22:00:00"
1848,"Estimate For: Painting & wallpaper  Down Stairs- 34B Takutai Avenue, Bucklands Beach, Auckland","Sebastian Lara",Vanya,Vanya,,vanya@accurateautoglass.co.nz,"8,205.42",NZD,"Tax Exclusive",,Expired,"2024-03-11 12:20:23","2024-03-11 12:20:23","2024-04-10 10:00:00"
1850,"Quote For: Plaster over Concrete Block wall (fireplace) - 38a Montgomery Crescent Cockle Bay","Rolando Reveco","Stavros Evangelidakis",Stavros,Evangelidakis,stavros@smartslabs.co.nz,"2,288.66",NZD,"Tax Exclusive",,Expired,"2024-03-12 20:27:21","2024-03-12 20:27:21","2024-04-11 20:00:00"
1854,"Estimate: Interior Paint - 6 Welsh Hills Road, Swanson, Auckland 0614","Rolando Reveco","Refresh - West Auckland",Fiona,Fairburn,fiona.fairbairn@refresh.co.nz,"20,216.38",NZD,"Tax Exclusive",,Expired,"2024-03-12 23:59:24","2024-03-12 23:59:24","2024-04-11 23:00:00"
1859,"Estimate: External Plastering - 95A Beach Road, Castor Bay, Auckland","Rolando Reveco","Oncore / Refresh",(JJ)Johannes,Jacobs,johannes.jacobs@refresh.co.nz,"4,986.50",NZD,"Tax Exclusive",,Expired,"2024-03-19 22:27:19","2024-03-19 22:27:19","2024-04-18 21:00:00"
1861,"Quote for:  Exterior Plaster Cladding system - 191 Beach Road, Castor Bay","Rolando Reveco","GOODISON ARCHITECTURAL LIMITED",Nick,,nick@goodisonarchitectural.co.nz,"93,643.05",NZD,"Tax Exclusive",,Expired,"2024-03-20 00:01:23","2024-03-20 00:01:23","2024-04-18 23:00:00"
1860,"Quote for:  Exterior Plaster Cladding system - 1B Pukuke Lake Drive, Takapuna","Rolando Reveco","Resene Construction",Toby,Devine,toby.devine@reseneconstruction.co.nz,"81,836.53",NZD,"Tax Exclusive",,Expired,"2024-03-20 00:01:34","2024-03-19 23:50:18","2024-04-18 23:00:00"
1863,"Estimate: Interior Paint - 19a Kokiri Street, Te Atatu South","Rolando Reveco","Refresh - West Auckland",Fiona,Fairburn,fiona.fairbairn@refresh.co.nz,"21,111.32",NZD,"Tax Exclusive",,Expired,"2024-03-24 22:41:13","2024-03-24 22:41:13","2024-04-23 22:00:00"
1862,"Estimate: Skimming & Internal Paint 51 Flaxdale Street, Birkdale, Auckland 0626","Sebastian Lara","Mark Hadwin",Mark,Hadwin,scabmiester@gmail.com,0.00,NZD,"Tax Exclusive",,Expired,"2024-03-28 16:58:15","2024-03-28 16:58:15","2024-04-21 15:00:00"
1869,"Quote for: Exterior Paint - 6 Welsh Hills Road, Swanson, Auckland 0614","Rolando Reveco","Refresh - West Auckland",Fiona,Fairburn,fiona.fairbairn@refresh.co.nz,"9,139.08",NZD,"Tax Exclusive",,Expired,"2024-04-04 22:28:56","2024-04-04 22:28:56","2024-05-04 21:00:00"
1858,"Estimate For: plaster & paint - 67 Huia Road, Point Chevalier, Auckland.","Rolando Reveco","JRA CONSTRUCTION LTD",Jeff,Michaels,jeff@jraconstruction.co.nz,"2,257.56",NZD,"Tax Exclusive",,Expired,"2024-04-08 16:10:10","2024-03-19 16:38:16","2024-04-18 16:00:00"
1871,"Estimate: External Plastering - 35 Pembroke Crescent, Glendowie, Auckland 1071","Rolando Reveco","STJ BUILT LIMITED",Samuel,Lewis,samuel@stjbuilt.com,"9,909.22",NZD,"Tax Exclusive",,Expired,"2024-04-11 08:46:29","2024-04-11 08:46:29","2024-05-11 08:00:00"
1873,"Estimate: Skimming 38-2 Mountbatten Avenue, Hillcrest, Auckland 0627","Rolando Reveco",Dave,Dave,,Evkadave@xtra.co.nz,"4,909.32",NZD,"Tax Exclusive",,Expired,"2024-04-12 15:48:24","2024-04-12 15:48:24","2024-05-12 15:00:00"
1875,"Estimate: Internal / External Plastering and Paint - 42 Brandon Rd, Glen Eden","Rolando Reveco","wolfbrook Limited",Bob,Home,bob@wolfbrook.co.nz,"250,702.95",NZD,"Tax Exclusive",,Expired,"2024-04-13 21:17:50","2024-04-13 21:16:46","2024-05-13 19:00:00"
1876,"Quote for: Exterior Paint - 6 Welsh Hills Road, Swanson, Auckland 0614","Rolando Reveco","Refresh - West Auckland",Fiona,Fairburn,fiona.fairbairn@refresh.co.nz,"4,324.80",NZD,"Tax Exclusive",,Expired,"2024-04-16 11:01:37","2024-04-16 11:01:37","2024-05-16 10:00:00"
1878,"Estimate: Painting Interior & Exterior- 4 Whitford Avenue, Mount Wellington, Auckland 1060","Rolando Reveco","JRA CONSTRUCTION LTD",Joe,,Joe@jraconstruction.co.nz,"43,909.96",NZD,"Tax Exclusive",,Expired,"2024-04-19 12:03:39","2024-04-19 12:03:39","2024-05-19 12:00:00"
1879,"Estimate: Internal / External Plastering and Paint - 15 Line Road, Glen Innes, Auckland 1072","Rolando Reveco","wolfbrook Limited",Bob,Home,bob@wolfbrook.co.nz,"102,756.71",NZD,"Tax Exclusive",,Expired,"2024-04-19 14:44:16","2024-04-19 14:44:16","2024-05-19 14:00:00"
1880,"Estimate For: Painting interior / Exterior (as discussed) - 70 Tautari Street, Orakei, Auckland 1071","Rolando Reveco","Elevate Projects",Chris,Marsh,chris@elevateprojects.co.nz,"27,438.39",NZD,"Tax Exclusive",,Expired,"2024-04-19 15:21:15","2024-04-19 15:21:15","2024-05-19 15:00:00"
1881,"Estimate For: Stopping and Painting - 3-10 Kingsland Terrace","Rolando Reveco","Gravity Projects",David,McGinley,gravityprojects@outlook.co.nz,"1,449.98",NZD,"Tax Exclusive",,Expired,"2024-04-23 08:43:34","2024-04-23 08:43:34","2024-05-23 08:00:00"
1883,"Quote For: Ensuite Gib Stopping / Painting - 706 Dominion Road, Mount Eden, Auckland 1041","Rolando Reveco","WOLF CONSTRUCTION LIMITED",James,Thomas,james@wolfconstruction.co.nz,"2,132.75",NZD,"Tax Exclusive",,Expired,"2024-04-24 08:20:27","2024-04-24 08:20:27","2024-05-24 07:00:00"
1872,"Estimate For: Exterior Paint (us discusses)- 1G Valley Road, Northcote, Auckland 0626","Rolando Reveco","Jose Franco",Jose,Franco,Tamakidr@gmail.com,"19,761.56",NZD,"Tax Exclusive",,Expired,"2024-05-06 06:44:37","2024-04-11 15:34:22","2024-05-11 15:00:00"
1888,"Estimate For: Exterior Paint (weatherboard)- 126B Bassett Road, Remuera, Auckland 1050","Rolando Reveco","nexus exterior ltd",Lili,Pal,lili@nexusexteriors.co.nz,"4,268.75",NZD,"Tax Exclusive",,Expired,"2024-05-06 06:51:48","2024-05-06 06:51:26","2024-06-05 06:00:00"
1889,"Quote for: Exterior Plaster Cladding wall (us discusses)- 41 Alberta Street, Point Chevalier, Auckland 1022","Rolando Reveco","Woodsmith Building Company Limited",Michael,SMITH,Woodsmithbuildingco@gmail.com,"4,583.59",NZD,"Tax Exclusive",,Expired,"2024-05-06 07:51:18","2024-05-06 07:51:18","2024-06-05 07:00:00"
1893,"Estimate: Internal - External / Plastering & Paint - 33A Tobruk Crescent, Milford","Rolando Reveco","Gravity Projects",David,McGinley,gravityprojects@outlook.co.nz,"31,770.32",NZD,"Tax Exclusive",,Expired,"2024-05-08 21:04:09","2024-05-08 21:04:09","2024-06-07 20:00:00"
1894,"Exterior: Painting Fence - 4 Whitford Avenue, Mount Wellington","Rolando Reveco","JRA CONSTRUCTION LTD",Jeff,Michaels,jeff@jraconstruction.co.nz,0.00,NZD,"Tax Exclusive",,Expired,"2024-05-09 12:58:50","2024-05-09 12:56:23","2024-06-08 12:00:00"
1895,"Estimate For: Stopping and Painting - 2/389 West Coast Road","Rolando Reveco","Refresh - West Auckland",Cath,Eastwood,cath.eastwood@refresh.co.nz,"5,240.80",NZD,"Tax Exclusive",,Expired,"2024-05-10 08:50:23","2024-05-10 08:50:23","2024-06-09 08:00:00"
1898,"Estimate For: Gib Stopping / Internal & External Painting- 7a Parkhead place, Rosedale","Rolando Reveco","Madison Building","Nick Craig",Craig,nick@madisonbuilding.co.nz,"10,866.56",NZD,"Tax Exclusive",,Expired,"2024-05-16 19:56:23","2024-05-16 19:56:23","2024-06-15 19:00:00"
1901,"Estimate: Painting Exterior- 148 Rangatira Road, Beach Haven, Auckland 0626","Rolando Reveco","The Letting Company",Lara,Campbell,office@thelettingcompany.co.nz,"12,517.49",NZD,"Tax Exclusive",,Expired,"2024-05-20 18:57:33","2024-05-20 18:57:33","2024-06-19 18:00:00"
1906,"Estimate For: Ceiling Crack Repair (us request) - 10 Pebble Beach Place, Golflands","Rolando Reveco","Don Silvester",Don,Silvester,Don.silvester@xtra.co.nz,"1,517.86",NZD,"Tax Exclusive",,Expired,"2024-05-27 21:05:03","2024-05-27 21:05:03","2024-06-26 21:00:00"
1908,"Estimate For: Gib Stopping / Interior & Exterior Painting - 375 Pt Chevalier","Rolando Reveco","JRA CONSTRUCTION LTD",Jiten,Patel,Jiten@JRAConstruction.co.nz,"29,176.57",NZD,"Tax Exclusive",,Expired,"2024-05-29 21:09:44","2024-05-29 21:09:44","2024-06-28 21:00:00"
1902,"Estimate For: Gib Stopping / Internal  Painting- 8a New haven terrace, Mairangi bay","Rolando Reveco","Madison Building","Nick Craig",Craig,nick@madisonbuilding.co.nz,"3,025.76",NZD,"Tax Exclusive",,Expired,"2024-06-03 22:57:49","2024-05-20 21:04:44","2024-06-19 20:00:00"
1910,"Quote For:  Exterior Paint Brick wall Cladding - 3 Ensign Place, Hillcrest, Auckland 0627","Rolando Reveco","Paul Wescott",Paul,Wescott,pwes019@gmail.com,"4,321.28",NZD,"Tax Exclusive",,Expired,"2024-06-04 00:04:31","2024-06-04 00:04:10","2024-07-03 23:00:00"
1913,"Estimate For: exterior Fence - 4 Smith Street, Freemans Bay, Auckland 1011","Rolando Reveco","LEWIS BUILD LIMITED",Ben,Lewis,ben@lewisbuild.co.nz,"5,951.33",NZD,"Tax Exclusive",,Expired,"2024-06-05 10:33:26","2024-06-05 10:33:26","2024-07-05 10:00:00"
1915,"Quote For: Plaster over existing Concrete Block wall - 12 Waikare Oneroa Waiheke Island 1081","Rolando Reveco","Dalma Ltd",Matt,Dalley,Mattxbuilding@outlook.com,"11,673.46",NZD,"Tax Exclusive",,Expired,"2024-06-11 16:06:55","2024-06-11 16:06:55","2024-07-11 15:00:00"
1914,"Quote For: Internal - Gib Stopping / Painting L5 - 9 Winn Road, Freemans Bay, Auckland 1011","Rolando Reveco","JRA CONSTRUCTION LTD",Jeff,Michaels,jeff@jraconstruction.co.nz,"6,188.62",NZD,"Tax Exclusive",,Expired,"2024-06-12 13:00:24","2024-06-11 15:26:48","2024-07-11 15:00:00"
1912,"Quote For:  Exterior Paint - 3 Ensign Place, Hillcrest, Auckland 0627","Rolando Reveco","Madison Building","Nick Craig",Craig,nick@madisonbuilding.co.nz,"3,789.82",NZD,"Tax Exclusive",,Expired,"2024-06-14 17:58:28","2024-06-05 10:05:45","2024-07-05 09:00:00"
1922,"Estimate: Exterior Plaster - 1/60 Milford Road, Auckland","Rolando Reveco","valerie Cross",Valerie,Cross,cros1group@hotmail.com,"6,492.63",NZD,"Tax Exclusive",,Expired,"2024-06-19 21:34:09","2024-06-19 21:34:09","2024-07-19 21:00:00"
1924,"Quote for:  Supply / Fix- Integra Panel / Plaster-full mesh - Paint system - 7 Ridgelea Road, Long Bay","Rolando Reveco",Kenny,Kenny,,kennythe1@hotmail.com,"36,862.10",NZD,"Tax Exclusive",,Expired,"2024-06-20 23:46:05","2024-06-20 23:46:05","2024-07-20 23:00:00"
1926,"ESTIMATE For: Gib Stopping - internal Painting (as request) - 13 triton Ave, Owairaka, Auckland","Rolando Reveco","Refresh - West Auckland",Cath,Eastwood,cath.eastwood@refresh.co.nz,0.00,NZD,"Tax Exclusive",,Expired,"2024-06-30 15:09:52","2024-06-30 15:09:52","2024-07-30 14:00:00"
1927,"Quote: Replaster Full Mesh System - 1-376 Ellerslie Panmure Highway, Mount Wellington","Rolando Reveco",Lance,Jordan,Lance,lancejordan2003@hotmail.com,"6,930.00",NZD,"Tax Exclusive",,Expired,"2024-07-01 19:57:07","2024-06-30 17:04:42","2024-07-30 16:00:00"
1930,"Estimate For: Plaster Repair - 2 Ngaio St, Otakei","Rolando Reveco","Todd Keenan",Todd,Keenan,Todd.keenan@thechiropractice.co.nz,"3,110.23",NZD,"Tax Exclusive",,Expired,"2024-07-02 19:57:10","2024-07-02 19:57:10","2024-08-01 19:00:00"
1932,"Estimate For: Gib Stopping / Interior Painting - Manawa Bay Outlet Auckland","Rolando Reveco","Philip Carroll",Philip,Carroll,PCarroll@yarravalleycom.com,0.00,NZD,"Tax Exclusive",,Expired,"2024-07-03 17:24:52","2024-07-03 17:24:52","2024-08-02 17:00:00"
1933,"Quote For: Plaster over cement sheet - 14 Island View Road, Papakura, Karaka 2580","Rolando Reveco",Neil,Neil,,neiljadav94@gmail.com,0.00,NZD,"Tax Exclusive",,Expired,"2024-07-05 15:41:28","2024-07-05 15:41:28","2024-08-04 15:00:00"
1892,"Estimate: Extra Plastering - 5 Rota Place, Parnell, Auckland 1052","Rolando Reveco","Susan Graham",Susan,Graham,sbgraham@xtra.co.nz,0.00,NZD,"Tax Exclusive",,Expired,"2024-07-06 19:14:34","2024-05-08 12:57:40","2024-08-05 19:00:00"
1938,"Estimate: Paint Fence/Kitchen Unit - 4 Whitford Avenue, Mount Wellington","Rolando Reveco","JRA CONSTRUCTION LTD",Jiten,Patel,Jiten@JRAConstruction.co.nz,227.50,NZD,"Tax Exclusive",,Expired,"2024-07-11 05:29:20","2024-07-11 05:29:20","2024-08-10 05:00:00"
1945,"Quote For: ROCKCOTE feature wall, (us discussed) - 7 Wilson Road, Dairy Flat 0792","Rolando Reveco","sujendra sharma",Sujendra,Sharma,suninja@gmail.com,"5,300.50",NZD,"Tax Exclusive",,Expired,"2024-07-26 14:16:15","2024-07-26 14:16:15","2024-08-25 14:00:00"
1946,"Quote For Concrete Effect: Plaster Paint (us discussed) - 7 Wilson Road, Dairy Flat 0792","Rolando Reveco","sujendra sharma",Sujendra,Sharma,suninja@gmail.com,"4,017.98",NZD,"Tax Exclusive",,Expired,"2024-07-26 15:19:24","2024-07-26 15:19:24","2024-08-25 14:00:00"
1951,"Estimate For: Paint Dinner and Loundge Room (as discussed) - 14 Thomas Hunter Lane, Greenhithe, Auckland 0632","Rolando Reveco","Monique and Anders Morley Mogensen","Monique and Anders",Morley,anders.mogensen.nz@gmail.com,"1,854.72",NZD,"Tax Exclusive",,Expired,"2024-07-31 21:58:47","2024-07-31 21:58:47","2024-08-30 21:00:00"
1953,"Estimate: Skimming / Painting Interior - unit 5-18 Bevyn St, Castor Bay","Rolando Reveco","Sue Andrews",Sue,Andrews,dental@xtra.co.nz,"15,776.12",NZD,"Tax Exclusive",,Expired,"2024-08-05 16:00:23","2024-08-05 16:00:23","2024-09-04 15:00:00"
1954,"Estimate for: Gib Stopping - 2-62 Galway Street, Onehunga","Rolando Reveco","Gravity Projects",David,McGinley,gravityprojects@outlook.co.nz,"5,390.82",NZD,"Tax Exclusive",,Expired,"2024-08-06 19:14:22","2024-08-06 19:14:22","2024-09-05 19:00:00"
1959,"Quote For: Plaster Repair & Paint, Ceiling (as discussed) - 27 Ocean View Road Milford","Rolando Reveco",Vicky,Vicky,,pavlov@xtra.co.nz,"1,142.19",NZD,"Tax Exclusive",,Expired,"2024-08-08 21:26:50","2024-08-08 21:26:50","2024-09-07 21:00:00"
1960,"Estimate: Painting Interior - 4A Brunton Place, Glenfield, Auckland 0629","Rolando Reveco","The Letting Company",Lara,Campbell,office@thelettingcompany.co.nz,"13,137.60",NZD,"Tax Exclusive",,Expired,"2024-08-08 22:20:00","2024-08-08 22:20:00","2024-09-07 21:00:00"
1961,"Quote For: Paint Ceiling (as discussed) -1/9A Kitewao St Northcote","Rolando Reveco","David Thompson",David,Thompson,david.b.thompson93@gmail.com,"1,553.93",NZD,"Tax Exclusive",,Expired,"2024-08-14 16:53:32","2024-08-14 16:53:32","2024-09-13 16:00:00"
1962,"Quote For: Internal - Painting - 34 Saddleback Rise, Murrays Bay, Auckland 0630","Rolando Reveco",Mike Conboy,Mike ,Conboy,mike.conboy@gmail.com,"2,670.90",NZD,"Tax Exclusive",,Expired,"2024-08-19 08:43:14","2024-08-19 08:43:14","2024-09-18 08:00:00"
1963,"Estimate For: Painting interior / Exterior (as discussed) - 23 Rota Place, Parnell, Auckland 1052","Rolando Reveco","Elevate Projects",Chris,Marsh,chris@elevateprojects.co.nz,"59,815.39",NZD,"Tax Exclusive",,Expired,"2024-08-20 09:51:59","2024-08-20 09:51:59","2024-09-18 09:00:00"
1964,"Estimate for: Gib Stopping - Internal Painting - 2-52 Ray Small drive, Papakura","Rolando Reveco","Gurkirat singh walia",Gurkirat,"singh walia",Gurkirat.walia@gmail.com,"14,342.55",NZD,"Tax Exclusive",,Expired,"2024-08-20 09:54:38","2024-08-20 07:56:06","2024-09-19 07:00:00"
1966,"Estimate For: Painting timber windows (as requested)- 330 Titirangi Road, Titirangi, Auckland 0604","Rolando Reveco","Gravity Projects",David,McGinley,gravityprojects@outlook.co.nz,"6,054.48",NZD,"Tax Exclusive",,Expired,"2024-08-26 19:43:31","2024-08-26 19:43:31","2024-09-25 19:00:00"
1972,"Quote: Exterior Plastering - 5 Rota Place, Parnell, Auckland 1052","Rolando Reveco","Susan Graham",Susan,Graham,sbgraham@xtra.co.nz,"1,889.22",NZD,"Tax Exclusive",,Expired,"2024-09-02 19:20:09","2024-09-02 19:17:10","2024-10-02 19:00:00"
1973,"Estimate For: Plaster Repair & Paint, garage wall (as requested) -","Rolando Reveco","Melanie M","Melanie M <melenie87@gmail.com>",M,melenie87@gmail.com,"1,019.36",NZD,"Tax Exclusive",,Expired,"2024-09-02 22:13:36","2024-09-02 22:13:36","2024-10-02 21:00:00"
1974,"Estimate For: Gib fixed Stopping - Mt Albert","Rolando Reveco",Peter,Peter,,pwestbrook@hotmail.com,"4,534.44",NZD,"Tax Exclusive",,Expired,"2024-09-03 15:12:28","2024-09-02 22:56:43","2024-10-02 22:00:00"
1977,"Estimate For: Painting interior / Exterior (as discussed) - 30 Bonnie Brae Rd, Meadowbank","Rolando Reveco","Elevate Projects",Chris,Marsh,chris@elevateprojects.co.nz,"42,804.80",NZD,"Tax Exclusive",,Expired,"2024-09-04 07:41:11","2024-09-04 07:41:11","2024-10-04 07:00:00"
1982,"For Painting - Roof - 1G Valley Road, Northcote, Auckland 0626","Rolando Reveco","Jose Franco",Jose,Franco,Tamakidr@gmail.com,"3,903.07",NZD,"Tax Exclusive",,Expired,"2024-09-13 09:01:14","2024-09-13 09:01:14","2024-10-13 09:00:00"
1983,"Estimate: Skimming & Painting Interior / Paint Exterior - 40 Rutherford Terrace, Meadowbank","Rolando Reveco","LEWIS BUILD LIMITED",Ben,Lewis,ben@lewisbuild.co.nz,"42,320.19",NZD,"Tax Exclusive",,Expired,"2024-09-16 09:51:24","2024-09-16 06:10:55","2024-10-16 05:00:00"
1988,"Estimate for:  Rockcote Plaster Systems - 119 Churchill Road, Rothesay Bay, Auckland 0630","Rolando Reveco","VIKING HOMES LIMITED",Jenny,Riethmaier,jenny@vikinghomes.co.nz,"53,165.08",NZD,"Tax Exclusive",,Expired,"2024-09-24 13:44:35","2024-09-24 13:44:35","2024-10-24 12:00:00"
1987,"Estimate for:  Rockcote Plaster Systems - 84 Kitchener Road","Rolando Reveco","VIKING HOMES LIMITED",Jenny,Riethmaier,jenny@vikinghomes.co.nz,"171,181.90",NZD,"Tax Exclusive",,Expired,"2024-09-24 13:44:46","2024-09-19 10:41:08","2024-10-19 09:00:00"
1989,"Estimate For: Replaced Gib & Exterior Plaster & Paint (us discusses) - 19 Newport Place, Forrest Hill, Auckland 0620","Rolando Reveco",Juliana,Juliana,,julicampello@gmail.com,"3,802.28",NZD,"Tax Exclusive",,Expired,"2024-09-24 14:10:43","2024-09-24 14:10:43","2024-10-24 13:00:00"
1990,"Quote: For Crack repair and Full Mesh System - 62 Marina View Drive, West Harbour, Auckland 0618","Rolando Reveco","Rosmina Salim",Rosmina,Salim,rsalimnz@gmail.com,"19,180.16",NZD,"Tax Exclusive",,Expired,"2024-09-24 15:38:41","2024-09-24 15:38:41","2024-10-24 15:00:00"
1995,"Estimate For: Exterior Painting & Plaster Crack Repair - 1/57 Whytehead Crescent, St Heliers, Auckland 1071","Rolando Reveco","Network Scaffolding Services Ltd",Stephen,Allen,admin@nss.net.nz,"8,848.82",NZD,"Tax Exclusive",,Expired,"2024-10-04 15:04:56","2024-10-04 15:04:56","2024-11-03 14:00:00"
1992,"Estimate: Skimming - 1/57 Whytehead Crescent, St Heliers, Auckland 1071","Rolando Reveco","Network Scaffolding Services Ltd",Stephen,Allen,admin@nss.net.nz,"1,344.00",NZD,"Tax Exclusive",,Expired,"2024-10-04 15:15:31","2024-09-25 14:27:40","2024-10-25 13:00:00"
1996,"Estimate For: Exterior Painting & Plaster Crack Repair - 1/57 Whytehead Crescent, St Heliers, Auckland 1071","Rolando Reveco","Network Scaffolding Services Ltd",Stephen,Allen,admin@nss.net.nz,"14,444.48",NZD,"Tax Exclusive",,Expired,"2024-10-04 15:22:00","2024-10-04 15:22:00","2024-11-03 15:00:00"
1997,"Estimate: Stopping James-Hardie & Gib -","Rolando Reveco",Kelly,Kelly,,kellyscrimgeour@gmail.com,"2,084.53",NZD,"Tax Exclusive",,Expired,"2024-10-04 16:17:10","2024-10-04 16:17:10","2024-11-03 16:00:00"
1994,"Estimate For: room ceiling (as request) - 16 Widdison Place, Albany","Rolando Reveco",Henry,Henry,,grace.al.lim@gmail.com,"1,100.33",NZD,"Tax Exclusive",,Expired,"2024-10-07 21:25:19","2024-10-02 08:21:03","2024-11-01 08:00:00"
2005,"Estimate For: Gib Stopping / Interior & Exterior Painting - 34 Beaconsfield St","Rolando Reveco","JRA CONSTRUCTION LTD",Jiten,Patel,Jiten@JRAConstruction.co.nz,"58,655.34",NZD,"Tax Exclusive",,Expired,"2024-10-18 10:29:19","2024-10-18 10:29:19","2024-11-17 10:00:00"
2007,"Estimate For: Exterior Plaster (us discusses)- flatbush","Rolando Reveco","SSC CONSTRUCTION LIMITED","James Allan",SIMONS,James@sscc.co.nz,"2,736.47",NZD,"Tax Exclusive",,Expired,"2024-10-23 21:44:59","2024-10-23 21:44:59","2024-11-22 21:00:00"
2008,"Estimate: Gib Stopping (as discusses) - 74 Coronation Road, Hillcrest, Auckland 0627","Rolando Reveco","Megan King",Megan,King,hmacsking@gmail.com,926.74,NZD,"Tax Exclusive",,Expired,"2024-10-28 20:16:38","2024-10-28 20:16:38","2024-11-27 20:00:00"
2009,"Estimate for:  Rockcote Plaster Systems - 34 Tennyson Avenue, Takapuna, Auckland 0622","Rolando Reveco","S5 Consulting",Glen,Morgan,QS@s5s.nz,0.00,NZD,"Tax Exclusive",,Expired,"2024-10-31 09:12:25","2024-10-31 09:12:25","2024-11-30 09:00:00"
2012,"Estimate For Exterior Paint - 18 Oakway Drive, Schnapper Rock, Auckland 0632","Rolando Reveco",Kim,Kim,,kimt888@qq.com,"22,623.70",NZD,"Tax Exclusive",,Expired,"2024-11-05 06:47:59","2024-11-05 06:47:59","2024-12-05 05:00:00"
2015,"Estimate For: Replaced Gib/ Plaster & Paint (us discusses) - 15 rendall place, unit 203","Rolando Reveco",Andy,Andy,,boneandrew82@gmail.com,"1,982.10",NZD,"Tax Exclusive",,Expired,"2024-11-06 21:38:30","2024-11-06 21:38:13","2024-12-06 21:00:00"
2016,"Quote: For Fixed Hole / Paint Wall - LONG BAY","Rolando Reveco","Waitemata Backcare Beds",Kevin,,wbcb.silverdale@gmail.com,669.59,NZD,"Tax Exclusive",,Expired,"2024-11-06 22:01:25","2024-11-06 22:01:25","2024-12-06 21:00:00"
2014,"Quote for: Interior Paint - 15 rendall place, unit 203","Rolando Reveco",Andy,Andy,,boneandrew82@gmail.com,"6,875.52",NZD,"Tax Exclusive",,Expired,"2024-11-08 10:54:11","2024-11-06 21:38:08","2024-12-06 21:00:00"
2018,"Estimate: Painting Interior & Exterior / 1-11 Burwood Crescent, Remuera, Auckland 1050","Rolando Reveco",ben@lewisbuild.co.nz,Ben,Lewis,ben@lewisbuild.co.nz,"62,002.67",NZD,"Tax Exclusive",,Expired,"2024-11-11 07:27:22","2024-11-11 07:27:22","2024-12-11 07:00:00"
2020,"Estimate for: Gib Stopping - 2-62 Galway Street, Onehunga","Rolando Reveco","Gravity Projects",David,McGinley,gravityprojects@outlook.co.nz,"4,883.02",NZD,"Tax Exclusive",,Expired,"2024-11-13 22:16:33","2024-11-13 22:16:33","2024-12-13 22:00:00"
2025,"Estimate: Painting Concrete Floor Garage (requested by Dan)- 5 Gracechurch Drive, Flat Bush, Auckland 2016","Rolando Reveco","TINY HOME HQ",Daniel,Hutton,dan@tinyhomehq.co.nz,"3,414.00",NZD,"Tax Exclusive",,Expired,"2024-11-15 12:42:50","2024-11-15 12:42:50","2024-12-15 12:00:00"
2029,"Estimate: Painting Concrete Floor Garage (requested by Dan)- 5 Gracechurch Drive, Flat Bush, Auckland 2016","Rolando Reveco","TINY HOME HQ",Daniel,Hutton,dan@tinyhomehq.co.nz,"5,376.16",NZD,"Tax Exclusive",,Expired,"2024-11-19 12:35:05","2024-11-19 12:35:05","2024-12-19 11:00:00"
2021,"Estimate For: Exterior Painting - 2A Kings Road, Mount Roskill, Auckland 1041","Rolando Reveco","Ross Upton",Ross,Upton,ross@ltr.co.nz,"14,110.15",NZD,"Tax Exclusive",,Expired,"2024-11-21 06:36:31","2024-11-13 23:41:13","2024-12-13 23:00:00"
2033,"Estimate: Skimming - Painting Interior - 5 Ngataringa Road, Devonport, Auckland 0624","Rolando Reveco","Chris Mattews",Chris,Mattews,Chris@chrismatthews.co.nz,0.00,NZD,"Tax Exclusive",,Expired,"2024-11-21 09:46:21","2024-11-21 09:46:21","2024-12-21 08:00:00"
2034,"Estimate: Exterior Plaster Repair & Blend Paint - 12A Brook Street, Milford 0620","Rolando Reveco","Karl Erik Finstad","Karl Erik",Finstad,karlerik.finstad@gmail.com,812.68,NZD,"Tax Exclusive",,Expired,"2024-11-22 08:08:18","2024-11-22 08:08:18","2024-12-22 07:00:00"
2035,"Estimate: Skimming - Painting Interior - 5 Ngataringa Road, Devonport, Auckland 0624","Rolando Reveco","Chris Mattews",Chris,Mattews,Chris@chrismatthews.co.nz,"1,112.40",NZD,"Tax Exclusive",,Expired,"2024-11-22 08:14:01","2024-11-22 08:14:01","2024-12-22 08:00:00"
2038,"Estimate:  Concrete Floor Garage Epoxy Flake Flooring System - 5 Gracechurch Drive, Flat Bush, Auckland 2016","Rolando Reveco","Lewis Build",Ben,Lewis,ben@lewisbuild.co.nz,"6,634.28",NZD,"Tax Exclusive",,Expired,"2024-11-27 22:12:25","2024-11-27 22:12:25","2024-12-27 22:00:00"
2041,"Variation: Painting Around Dormes & Chicken Box - 5 Gracechurch Drive, Flat Bush, Auckland 2016","Rolando Reveco",ben@lewisbuild.co.nz,Ben,Lewis,ben@lewisbuild.co.nz,"1,831.57",NZD,"Tax Exclusive",,Expired,"2024-11-28 23:50:34","2024-11-28 23:50:34","2024-12-28 23:00:00"
2042,"Estimate For: Exterior Painting timber windows / Soffit and Fascia board (as requested) 1-52 Church Street, Northcote Point","Rolando Reveco","Penny Ashley",Penny,Ashley,penny_ashley@hotmail.com,"6,496.65",NZD,"Tax Exclusive",,Expired,"2024-11-29 00:15:47","2024-11-29 00:15:47","2024-12-28 23:00:00"
2043,"Quote: For Interior Gib Stopping / Painting Ceiling - 85B Taikata Road, Te Atatū Peninsula, Auckland 0610","Rolando Reveco","Soo Mataafa","Soo Mataafa",,soo.mataafa88@gmail.com,"1,813.46",NZD,"Tax Exclusive",,Expired,"2024-11-29 22:44:17","2024-11-29 22:44:17","2024-12-29 22:00:00"
2044,"Estimate For: Gib Fix / Plaster - 19 Nelson Street, Helensville 0800","Rolando Reveco","Kathryn and Kevin Wilson","Kathryn and Kevin",Wilson,kathryn@kractors.co.nz,"2,633.58",NZD,"Tax Exclusive",,Expired,"2024-12-01 22:47:18","2024-12-01 22:47:18","2024-12-31 22:00:00"
2049,"Estimate for:  Rockcote Plaster Systems - 10 Costley Street, Freemans Bay","Rolando Reveco","JONES PROJECTS LIMITED",JONES,Connor,jonesprojectsltd@gmail.com,"9,347.68",NZD,"Tax Exclusive",,Expired,"2024-12-04 20:42:42","2024-12-04 20:42:42","2025-01-03 20:00:00"
2011,"Variation: Skim living Room Ceiling (requested by Dan)- 5 Gracechurch Drive, Flat Bush, Auckland 2016","Rolando Reveco","TINY HOME HQ",Daniel,Hutton,dan@tinyhomehq.co.nz,"2,857.35",NZD,"Tax Exclusive",,Expired,"2025-01-22 06:00:57","2024-11-05 05:34:06","2025-02-21 06:00:00"
2054,"Estimate For: Exterior Painting & Plaster Crack Repair - 9D Clarke Road, Onehunga, Auckland 1061","Rolando Reveco","Kristian Hutton",Kristian,Hutton,huttonkristian@gmail.com,0.00,NZD,"Tax Exclusive",,Expired,"2025-02-16 10:18:27","2024-12-31 13:31:12","2025-03-02 12:00:00"
1939,"Quote for:  Exterior & Interior Plaster Cladding system - 19 Bridge view road birkenhead","Rolando Reveco","TP Builders ltd",Gerald,Cailliau,gerald@lat36.co.nz,"39,188.55",NZD,"Tax Exclusive",,Expired,"2025-02-28 10:43:59","2024-07-18 20:08:34","2025-03-21 09:00:00"
2013,"Estimate: Exterior Plastering - 44 Crestview Place , Browns bay","Rolando Reveco","DONE RIGHT BUILDERS LIMITED",Leith,Kawana,leith@drb.co.nz,"9,980.57",NZD,"Tax Exclusive",,Expired,"2025-04-15 08:48:02","2024-11-05 08:06:33","2025-05-15 08:00:00"
1929,"Estimate For: Exterior plaster crack repair (us discusses) - 32a oban rd, Browns Bay","Rolando Reveco",Don,Don,,don_c@xtra.co.nz,"2,711.95",NZD,"Tax Exclusive",,Expired,"2025-08-24 21:04:57","2024-07-02 18:03:40","2025-09-21 12:00:00"
1827,"Estimate: Exterior Plaster  - 24 Williamson Avenue, Grey Lynn, Auckland 1021","Rolando Reveco","Premium Plastering",Cameron,Luangrath,Premiumplasterers@gmail.com,0.00,NZD,"Tax Exclusive",,Expired,"2024-02-05 16:39:13","2024-02-05 15:23:52","2024-03-03 17:00:00"
1916,"Quote for:  Supply / Fix- Integra Panel / Plaster-full mesh - Paint system - 136 Kittiwake Dr Schnapper Rd","Rolando Reveco","Peter Dejong",Peter,Dejong,p.dejong@albanytimber.co.nz,"55,765.50",NZD,"Tax Exclusive",,Expired,"2024-06-13 07:10:46","2024-06-13 07:10:46","2024-07-13 06:00:00"
1952,"Estimate for: Gib Stopping - Internal  Painting - 1-36 Lyons Ave , Murrays","Rolando Reveco","Madison Building","Nick Craig",Craig,nick@madisonbuilding.co.nz,"26,431.05",NZD,"Tax Exclusive",,Expired,"2024-07-31 23:22:32","2024-07-31 23:22:32","2024-08-30 23:00:00"
2010,"Estimate: skimming and paint - 21 Saint Leonards Road, Mount Eden, Auckland 1024","Rolando Reveco","JRA CONSTRUCTION LTD",Jiten,Patel,Jiten@JRAConstruction.co.nz,258.31,NZD,"Tax Exclusive",,Expired,"2024-10-31 20:32:13","2024-10-31 20:32:13","2024-11-30 19:00:00"
2051,"Quote For: Plaster on Concrete Block wall / Planter Box - 22 Merani Street, Narrow Neck, Auckland 0622","Rolando Reveco","Box™ The Architect Builder",Andrew,Thomson,andrew@box.co.nz,"14,465.25",NZD,"Tax Exclusive",,Expired,"2025-06-04 19:46:03","2024-12-12 08:16:42","2025-07-04 19:00:00"
1833,"Quote For: Internal - Plastering & Painting Downstair - 43 Dryden Street, Grey Lynn, Auckland 1021","Rolando Reveco","Gurkirat singh walia",Gurkirat,"singh walia",Gurkirat.walia@gmail.com,"16,518.91",NZD,"Tax Exclusive",,Withdrawn,"2024-07-08 19:17:30","2024-02-20 00:08:56","2024-03-21 00:00:00"
1864,"Exterior: Plaster - 19 Sea View Terrace, Cockle Bay, Auckland","Rolando Reveco","Bryan Cartelle",Bryan,Cartelle,cartelle@xtra.co.nz,"5,978.97",NZD,"Tax Exclusive",,Withdrawn,"2024-07-25 15:15:09","2024-03-26 13:53:20","2024-04-25 13:00:00"
1903,"Estimate For: Stopping and Painting - 2/389 West Coast Road","Rolando Reveco","Gravity Projects",David,McGinley,gravityprojects@outlook.co.nz,"3,048.66",NZD,"Tax Exclusive",,Withdrawn,"2025-05-01 08:19:36","2024-05-20 21:59:07","2025-05-29 10:00:00"
2030,"Estimate For: Exterior Repair Fence Paint Done by other - 4 Smith Street, Freemans Bay, Auckland 1011","Rolando Reveco","LEWIS BUILD LIMITED",Ben,Lewis,ben@lewisbuild.co.nz,"2,598.51",NZD,"Tax Exclusive",,Withdrawn,"2025-11-06 20:22:23","2024-11-19 14:36:52","2024-12-19 14:00:00"
1791,"Quote for:  Plaster & Paint Full House - 136 Solway Road, Whitford.","Rolando Reveco","Lewis Build",Ben,Lewis,ben@lewisbuild.co.nz,"269,813.61",NZD,"Tax Exclusive",,Withdrawn,"2025-11-06 20:22:31","2024-10-26 23:01:03","2024-12-20 21:00:00"
2000,"Quote For: Exterior Re-Paint (weatherboard)- 4 Smith Street, Freemans Bay, Auckland 1011","Rolando Reveco","Monster Wash",Tony,,info@monsterwash.co.nz,"1,379.21",NZD,"Tax Exclusive",,Withdrawn,"2025-11-17 18:05:20","2024-10-09 07:16:55","2024-11-08 06:00:00"
